secondsElapsed,wristMotion_rotationRateX,wristMotion_rotationRateY,wristMotion_rotationRateZ,wristMotion_gravityX,wristMotion_gravityY,wristMotion_gravityZ,wristMotion_accelerationX,wristMotion_accelerationY,wristMotion_accelerationZ,wristMotion_quaternionW,wristMotion_quaternionX,wristMotion_quaternionY,wristMotion_quaternionZ,weight,set,reps,activity,activityEncoded,label
0.0,,,,,,,,,,,,,,4.0,1.0,21.0,SACLR,14,Idle
0.01,,,,,,,,,,,,,,4.0,1.0,21.0,SACLR,14,Idle
0.02,,,,,,,,,,,,,,4.0,1.0,21.0,SACLR,14,Idle
0.03,,,,,,,,,,,,,,4.0,1.0,21.0,SACLR,14,Idle
0.04,,,,,,,,,,,,,,4.0,1.0,21.0,SACLR,14,Idle
0.05,,,,,,,,,,,,,,4.0,1.0,21.0,SACLR,14,Idle
0.06,,,,,,,,,,,,,,4.0,1.0,21.0,SACLR,14,Idle
0.07,,,,,,,,,,,,,,4.0,1.0,21.0,SACLR,14,Idle
0.08,,,,,,,,,,,,,,4.0,1.0,21.0,SACLR,14,Idle
0.09,,,,,,,,,,,,,,4.0,1.0,21.0,SACLR,14,Idle
0.1,,,,,,,,,,,,,,4.0,1.0,21.0,SACLR,14,Idle
0.11,,,,,,,,,,,,,,4.0,1.0,21.0,SACLR,14,Idle
0.12,,,,,,,,,,,,,,4.0,1.0,21.0,SACLR,14,Idle
0.13,,,,,,,,,,,,,,4.0,1.0,21.0,SACLR,14,Idle
0.14,,,,,,,,,,,,,,4.0,1.0,21.0,SACLR,14,Idle
0.15,,,,,,,,,,,,,,4.0,1.0,21.0,SACLR,14,Idle
0.16,,,,,,,,,,,,,,4.0,1.0,21.0,SACLR,14,Idle
0.17,,,,,,,,,,,,,,4.0,1.0,21.0,SACLR,14,Idle
0.18,,,,,,,,,,,,,,4.0,1.0,21.0,SACLR,14,Idle
0.19,,,,,,,,,,,,,,4.0,1.0,21.0,SACLR,14,Idle
0.2,,,,,,,,,,,,,,4.0,1.0,21.0,SACLR,14,Idle
0.21,-1.771527,-0.672528,0.906609,0.4715,0.570274,-0.672663,-0.061298,0.083733,-0.103598,0.914478,-0.313996,0.255098,0.007861,4.0,1.0,21.0,SACLR,14,Idle
0.22,-1.61657,-0.595435,0.816381,0.472178,0.577582,-0.665918,-0.074595,0.086282,-0.113516,0.912543,-0.320624,0.253459,0.014962,4.0,1.0,21.0,SACLR,14,Idle
0.23,-1.441417,-0.504083,0.74326,0.473089,0.584022,-0.659625,-0.078146,0.102273,-0.12341,0.91069,-0.326557,0.252087,0.021347,4.0,1.0,21.0,SACLR,14,Idle
0.24,-1.334081,-0.437868,0.626502,0.474052,0.589848,-0.653723,-0.094948,0.081157,-0.127909,0.908918,-0.331929,0.250921,0.026991,4.0,1.0,21.0,SACLR,14,Idle
0.25,-1.345203,-0.342596,0.495703,0.474816,0.595907,-0.647645,-0.116098,0.048991,-0.130736,0.907087,-0.337251,0.249879,0.031865,4.0,1.0,21.0,SACLR,14,Idle
0.26,-1.366103,-0.212125,0.420643,0.475769,0.602487,-0.640822,-0.117309,0.027822,-0.114091,0.905046,-0.342788,0.249169,0.0361,4.0,1.0,21.0,SACLR,14,Idle
0.27,-1.415541,-0.096791,0.359584,0.477163,0.609515,-0.633093,-0.123236,-0.045809,-0.123224,0.90275,-0.348576,0.248894,0.039854,4.0,1.0,21.0,SACLR,14,Idle
0.28,-1.438886,0.009451,0.295375,0.478922,0.616959,-0.624496,-0.153025,-0.115098,-0.12581,0.900212,-0.354623,0.248988,0.043199,4.0,1.0,21.0,SACLR,14,Idle
0.29,-1.393324,0.119002,0.214885,0.480904,0.624551,-0.61536,-0.16169,-0.117486,-0.139828,0.897531,-0.360713,0.249412,0.046011,4.0,1.0,21.0,SACLR,14,Idle
0.3,-1.304883,0.236697,0.1516,0.483134,0.631934,-0.606004,-0.154109,-0.044349,-0.127578,0.894807,-0.366588,0.250223,0.048191,4.0,1.0,21.0,SACLR,14,Idle
0.31,-1.178678,0.345153,0.129102,0.485759,0.638769,-0.596667,-0.141369,0.031046,-0.115262,0.892105,-0.372058,0.251473,0.049828,4.0,1.0,21.0,SACLR,14,Idle
0.32,-1.054632,0.455381,0.132797,0.488976,0.644747,-0.587541,-0.136727,0.058424,-0.113646,0.889473,-0.376971,0.253225,0.051069,4.0,1.0,21.0,SACLR,14,Idle
0.33,-0.976859,0.550597,0.119848,0.492758,0.650023,-0.578498,-0.134481,0.051103,-0.113122,0.886875,-0.381439,0.255451,0.051975,4.0,1.0,21.0,SACLR,14,Idle
0.34,-0.939052,0.622833,0.083756,0.496812,0.655021,-0.56932,-0.130617,0.042291,-0.113022,0.884251,-0.385709,0.258009,0.05253,4.0,1.0,21.0,SACLR,14,Idle
0.35,-0.911604,0.687096,0.058189,0.500978,0.659908,-0.559949,-0.122529,0.044224,-0.114474,0.881584,-0.389885,0.260797,0.05277,4.0,1.0,21.0,SACLR,14,Idle
0.36,-0.884396,0.751393,0.049199,0.505345,0.66464,-0.550345,-0.109716,0.051837,-0.122949,0.878856,-0.39397,0.263847,0.052769,4.0,1.0,21.0,SACLR,14,Idle
0.37,-0.86057,0.815392,0.046542,0.509961,0.669157,-0.540527,-0.101559,0.060305,-0.130097,0.87607,-0.397945,0.267163,0.052587,4.0,1.0,21.0,SACLR,14,Idle
0.38,-0.8441,0.883954,0.024219,0.514775,0.67355,-0.530412,-0.091527,0.067584,-0.133804,0.873202,-0.40186,0.270745,0.052188,4.0,1.0,21.0,SACLR,14,Idle
0.39,-0.814518,0.942622,-0.011484,0.519605,0.677866,-0.520104,-0.080396,0.072317,-0.146644,0.870287,-0.405696,0.274515,0.051505,4.0,1.0,21.0,SACLR,14,Idle
0.4,-0.807187,1.04674,-0.013404,0.524617,0.682144,-0.509368,-0.060903,0.084976,-0.171647,0.867255,-0.409508,0.278602,0.050523,4.0,1.0,21.0,SACLR,14,Idle
0.41,-0.803104,1.114595,0.030295,0.530156,0.686139,-0.498144,-0.043431,0.086276,-0.162302,0.864075,-0.413243,0.283123,0.049458,4.0,1.0,21.0,SACLR,14,Idle
0.42,-0.81859,1.147431,0.064908,0.536079,0.689886,-0.486493,-0.042809,0.051538,-0.171268,0.860754,-0.416958,0.287922,0.048469,4.0,1.0,21.0,SACLR,14,Idle
0.43,-0.874074,1.222138,0.030848,0.542146,0.693651,-0.474263,-0.038972,0.045774,-0.181422,0.857253,-0.420785,0.29293,0.047429,4.0,1.0,21.0,SACLR,14,Idle
0.44,-0.975086,1.276249,-0.000518,0.54806,0.698031,-0.46085,-0.033885,0.075529,-0.187908,0.853399,-0.42511,0.298088,0.046205,4.0,1.0,21.0,SACLR,14,Idle
0.45,-0.986297,1.3022,0.03123,0.554049,0.702381,-0.446867,-0.032412,0.096981,-0.161623,0.84936,-0.42954,0.303417,0.044964,4.0,1.0,21.0,SACLR,14,Idle
0.46,-1.008227,1.319817,0.08716,0.560253,0.706462,-0.432466,-0.011944,0.077458,-0.140929,0.845165,-0.433999,0.308889,0.043928,4.0,1.0,21.0,SACLR,14,Idle
0.47,-0.98256,1.395418,0.093109,0.566726,0.710162,-0.417722,-0.010817,0.077069,-0.139468,0.840844,-0.438352,0.314622,0.042922,4.0,1.0,21.0,SACLR,14,Idle
0.48,-0.99669,1.442464,0.063216,0.573127,0.713763,-0.402577,-0.020133,0.078901,-0.116695,0.836391,-0.442673,0.32055,0.041698,4.0,1.0,21.0,SACLR,14,Idle
0.49,-1.052145,1.492398,0.044169,0.579286,0.717506,-0.386797,-0.026628,0.072304,-0.097227,0.83173,-0.447155,0.326579,0.040293,4.0,1.0,21.0,SACLR,14,Idle
0.5,-1.046375,1.546931,0.070947,0.585444,0.721189,-0.370327,-0.020609,0.070925,-0.063404,0.826835,-0.451742,0.332815,0.038825,4.0,1.0,21.0,SACLR,14,Idle
0.51,-1.010515,1.570159,0.116807,0.591788,0.724378,-0.353643,-0.022712,0.032488,-0.065944,0.82184,-0.456148,0.339275,0.037409,4.0,1.0,21.0,SACLR,14,Idle
0.52,-0.955571,1.580432,0.130395,0.598169,0.727036,-0.337064,-0.021219,0.02661,-0.049884,0.816845,-0.460267,0.345865,0.035993,4.0,1.0,21.0,SACLR,14,Idle
0.53,-0.848388,1.578228,0.13919,0.604367,0.729213,-0.320919,-0.019574,0.045369,-0.027516,0.811956,-0.464006,0.352475,0.034459,4.0,1.0,21.0,SACLR,14,Idle
0.54,-0.714303,1.596655,0.147776,0.610385,0.730819,-0.305504,-0.00806,0.079849,-0.005348,0.807267,-0.467213,0.359111,0.032735,4.0,1.0,21.0,SACLR,14,Idle
0.55,-0.629367,1.731488,0.193018,0.61654,0.731778,-0.290482,-0.002602,0.104053,0.008149,0.802681,-0.46985,0.36606,0.030734,4.0,1.0,21.0,SACLR,14,Idle
0.56,-0.662168,1.734088,0.245179,0.623127,0.732215,-0.274908,-0.019321,0.080056,0.057348,0.797891,-0.472275,0.3735,0.028693,4.0,1.0,21.0,SACLR,14,Idle
0.57,-0.763531,1.755811,0.222607,0.629537,0.732624,-0.258737,0.016062,0.077877,-0.006583,0.792874,-0.474887,0.380938,0.026812,4.0,1.0,21.0,SACLR,14,Idle
0.58,-0.946937,1.750731,0.257709,0.635655,0.73329,-0.241305,0.048686,0.093446,0.010302,0.787412,-0.47806,0.388338,0.025197,4.0,1.0,21.0,SACLR,14,Idle
0.59,-1.066217,1.719717,0.356217,0.641992,0.733662,-0.22268,0.069464,0.039608,0.019265,0.781507,-0.481655,0.395813,0.024219,4.0,1.0,21.0,SACLR,14,Idle
0.6,-1.105685,1.637704,0.388621,0.648363,0.733548,-0.203796,0.088057,-0.002408,3e-05,0.775455,-0.485359,0.403148,0.023813,4.0,1.0,21.0,SACLR,14,Idle
0.61,-1.070063,1.539284,0.393659,0.654345,0.733129,-0.185348,0.095227,0.007792,0.01654,0.769488,-0.489005,0.410122,0.023697,4.0,1.0,21.0,SACLR,14,Idle
0.62,-0.97931,1.492995,0.409896,0.66001,0.732296,-0.167718,0.089379,0.043583,0.023095,0.763741,-0.492316,0.416853,0.023638,4.0,1.0,21.0,SACLR,14,Idle
0.63,-0.811759,1.425299,0.432558,0.665426,0.730959,-0.151351,0.062586,0.076429,0.032394,0.758368,-0.495068,0.423358,0.023536,4.0,1.0,21.0,SACLR,14,Idle
0.64,-0.607638,1.372086,0.44451,0.670674,0.729045,-0.136711,0.035853,0.079442,0.025703,0.753535,-0.497003,0.42969,0.023241,4.0,1.0,21.0,SACLR,14,Idle
0.65,-0.402443,1.339644,0.395971,0.675537,0.726854,-0.123826,0.015366,0.097303,0.008805,0.74927,-0.498155,0.435808,0.022544,4.0,1.0,21.0,SACLR,14,Idle
0.66,-0.316398,1.321115,0.342296,0.679787,0.724783,-0.112158,0.014076,0.119455,0.013265,0.745401,-0.498833,0.441686,0.02137,4.0,1.0,21.0,SACLR,14,Idle
0.67,-0.329097,1.276273,0.298914,0.683501,0.722938,-0.100928,0.02736,0.107918,0.022391,0.741663,-0.499448,0.447312,0.020015,4.0,1.0,21.0,SACLR,14,Idle
0.68,-0.331149,1.180687,0.275224,0.686756,0.7213,-0.089962,0.054348,0.065581,0.015819,0.73799,-0.500188,0.452583,0.018745,4.0,1.0,21.0,SACLR,14,Idle
0.69,-0.32225,1.0353,0.252845,0.689602,0.719762,-0.079953,0.070499,0.003368,0.017239,0.734618,-0.500889,0.457311,0.017672,4.0,1.0,21.0,SACLR,14,Idle
0.7,-0.403442,0.905912,0.207847,0.692012,0.718425,-0.070602,0.070272,-0.025951,0.013946,0.731447,-0.501773,0.461436,0.01692,4.0,1.0,21.0,SACLR,14,Idle
0.71,-0.461448,0.777589,0.132744,0.693803,0.717527,-0.061581,0.069273,-0.010648,-0.001804,0.728368,-0.503046,0.464925,0.016431,4.0,1.0,21.0,SACLR,14,Idle
0.72,-0.480746,0.659174,0.084481,0.694967,0.717073,-0.05318,0.058421,-0.001176,-0.004361,0.725486,-0.504584,0.467766,0.016104,4.0,1.0,21.0,SACLR,14,Idle
0.73,-0.471026,0.564084,0.067276,0.695819,0.716775,-0.045488,0.037777,-0.016061,-0.006865,0.722834,-0.50619,0.470136,0.015961,4.0,1.0,21.0,SACLR,14,Idle
0.74,-0.475989,0.508302,0.025106,0.696382,0.716646,-0.038361,0.014144,-0.031282,-0.004273,0.720367,-0.507825,0.472158,0.015879,4.0,1.0,21.0,SACLR,14,Idle
0.75,-0.500637,0.449473,-0.022985,0.696554,0.716813,-0.031493,-0.001562,-0.045167,0.018996,0.717981,-0.509625,0.473853,0.015816,4.0,1.0,21.0,SACLR,14,Idle
0.76,-0.524972,0.361023,-0.061123,0.696356,0.717262,-0.024952,-0.011038,-0.065499,0.042652,0.715699,-0.511609,0.475163,0.015841,4.0,1.0,21.0,SACLR,14,Idle
0.77,-0.520908,0.25896,-0.107675,0.695828,0.717957,-0.018981,-0.013623,-0.061601,0.029861,0.713607,-0.513728,0.476018,0.016009,4.0,1.0,21.0,SACLR,14,Idle
0.78,-0.448678,0.162485,-0.171914,0.694852,0.719016,-0.013993,-0.015699,-0.043922,0.017701,0.711854,-0.515823,0.476372,0.016128,4.0,1.0,21.0,SACLR,14,Idle
0.79,-0.390328,0.084589,-0.233872,0.693403,0.720479,-0.010081,-0.021086,-0.019689,0.023479,0.71048,-0.517815,0.476264,0.016078,4.0,1.0,21.0,SACLR,14,Idle
0.8,-0.387213,0.00492,-0.319613,0.691423,0.722417,-0.006971,-0.029771,-0.013692,0.028867,0.709389,-0.519852,0.475677,0.015912,4.0,1.0,21.0,SACLR,14,Idle
0.81,-0.399292,-0.069907,-0.421537,0.688746,0.72499,-0.004306,-0.035899,-0.039001,0.034244,0.708455,-0.522129,0.474582,0.015614,4.0,1.0,21.0,SACLR,14,Idle
0.82,-0.495134,-0.144085,-0.523391,0.685305,0.728254,-0.001792,-0.039095,-0.068785,0.068305,0.707575,-0.524814,0.472942,0.015263,4.0,1.0,21.0,SACLR,14,Idle
0.83,-0.662606,-0.18459,-0.556554,0.681327,0.731977,0.001397,-0.041465,-0.096907,0.103156,0.70645,-0.528163,0.470895,0.015146,4.0,1.0,21.0,SACLR,14,Idle
0.84,-0.753179,-0.223844,-0.542219,0.677298,0.73569,0.00536,-0.037054,-0.126482,0.116664,0.70504,-0.531988,0.468688,0.015423,4.0,1.0,21.0,SACLR,14,Idle
0.85,-0.784082,-0.279066,-0.528883,0.673367,0.739248,0.009461,-0.031201,-0.136175,0.119033,0.703572,-0.535971,0.466332,0.016018,4.0,1.0,21.0,SACLR,14,Idle
0.86,-0.719681,-0.314282,-0.505492,0.66957,0.742633,0.01315,-0.031691,-0.113009,0.121814,0.702242,-0.539834,0.463847,0.016768,4.0,1.0,21.0,SACLR,14,Idle
0.87,-0.634374,-0.314363,-0.48578,0.665922,0.745846,0.016172,-0.045561,-0.074337,0.137987,0.701149,-0.543359,0.461353,0.017454,4.0,1.0,21.0,SACLR,14,Idle
0.88,-0.554521,-0.281844,-0.455098,0.662473,0.748854,0.018645,-0.064527,-0.041792,0.136155,0.700252,-0.546505,0.458971,0.018007,4.0,1.0,21.0,SACLR,14,Idle
0.89,-0.527608,-0.21594,-0.439098,0.659172,0.751697,0.021059,-0.082375,-0.026004,0.130079,0.69938,-0.549397,0.456829,0.018364,4.0,1.0,21.0,SACLR,14,Idle
0.9,-0.562355,-0.128875,-0.427587,0.655956,0.754416,0.024029,-0.08746,-0.028479,0.106128,0.698313,-0.552264,0.454994,0.018561,4.0,1.0,21.0,SACLR,14,Idle
0.91,-0.685456,-0.075378,-0.427719,0.652752,0.757049,0.02813,-0.065441,-0.032913,0.071021,0.696838,-0.555402,0.453425,0.018747,4.0,1.0,21.0,SACLR,14,Idle
0.92,-0.803493,-0.068155,-0.41269,0.649563,0.759576,0.033336,-0.036755,-0.056116,0.055836,0.694957,-0.558947,0.451937,0.019153,4.0,1.0,21.0,SACLR,14,Idle
0.93,-0.892676,-0.078846,-0.366445,0.646628,0.761788,0.039394,-0.015005,-0.084435,0.05608,0.692752,-0.562789,0.450517,0.019932,4.0,1.0,21.0,SACLR,14,Idle
0.94,-0.847277,-0.082311,-0.314061,0.644074,0.763601,0.045636,-0.003113,-0.09995,0.046267,0.690465,-0.566605,0.449196,0.020972,4.0,1.0,21.0,SACLR,14,Idle
0.95,-0.711169,-0.071241,-0.29891,0.641786,0.765175,0.051155,-0.000124,-0.087471,0.034386,0.688435,-0.569987,0.447986,0.021902,4.0,1.0,21.0,SACLR,14,Idle
0.96,-0.579401,-0.045423,-0.29005,0.639539,0.766735,0.055743,0.004092,-0.030346,0.043455,0.686748,-0.572869,0.44687,0.022488,4.0,1.0,21.0,SACLR,14,Idle
0.97,-0.470736,-0.014158,-0.271365,0.637392,0.768229,0.059631,0.015119,0.011709,0.031113,0.685322,-0.575303,0.445916,0.02277,4.0,1.0,21.0,SACLR,14,Idle
0.98,-0.415487,-0.012494,-0.249342,0.635405,0.769612,0.062917,0.019716,0.002895,0.016871,0.684118,-0.577375,0.44508,0.022888,4.0,1.0,21.0,SACLR,14,Idle
0.99,-0.472471,-0.003747,-0.231924,0.633548,0.770864,0.066226,0.009228,-0.063893,0.014447,0.682902,-0.579407,0.444297,0.023063,4.0,1.0,21.0,SACLR,14,Idle
1.0,-0.630825,-0.00737,-0.202312,0.63186,0.771879,0.070406,-0.00982,-0.133466,0.010404,0.681353,-0.581758,0.443577,0.023544,4.0,1.0,21.0,SACLR,14,Idle
1.01,-0.830057,-0.021455,-0.141361,0.630516,0.772447,0.075997,-0.022453,-0.196412,0.002524,0.679261,-0.584637,0.442942,0.024604,4.0,1.0,21.0,SACLR,14,Idle
1.02,-1.000126,-0.08541,-0.071871,0.629755,0.772365,0.082827,-0.027506,-0.227749,-0.015429,0.676674,-0.587993,0.442355,0.026442,4.0,1.0,21.0,SACLR,14,Idle
1.03,-1.051551,-0.16117,-0.038564,0.629447,0.771805,0.09007,-0.037742,-0.208069,-0.036146,0.673891,-0.591602,0.441636,0.028921,4.0,1.0,21.0,SACLR,14,Idle
1.04,-0.945831,-0.248997,-0.017404,0.629408,0.771046,0.096612,-0.046385,-0.145909,-0.039148,0.671336,-0.59504,0.440719,0.031651,4.0,1.0,21.0,SACLR,14,Idle
1.05,-0.743003,-0.371855,-0.009705,0.629606,0.770291,0.101227,-0.048109,-0.058851,-0.032425,0.66948,-0.597866,0.439511,0.034387,4.0,1.0,21.0,SACLR,14,Idle
1.06,-0.557252,-0.511616,-0.009408,0.63,0.769678,0.103419,-0.047083,0.009466,-0.019908,0.668516,-0.599964,0.437896,0.037101,4.0,1.0,21.0,SACLR,14,Idle
1.07,-0.450015,-0.657622,-0.004832,0.630587,0.769172,0.103608,-0.057741,0.012749,0.017226,0.668282,-0.601529,0.435851,0.039934,4.0,1.0,21.0,SACLR,14,Idle
1.08,-0.457873,-0.813133,-0.045234,0.631175,0.76885,0.102408,-0.085659,-0.059042,0.082575,0.668538,-0.60292,0.433233,0.043049,4.0,1.0,21.0,SACLR,14,Idle
1.09,-0.608112,-0.947786,-0.108988,0.631485,0.768796,0.100893,-0.121063,-0.136304,0.152983,0.668866,-0.604653,0.429931,0.046599,4.0,1.0,21.0,SACLR,14,Idle
1.1,-0.765641,-1.05673,-0.14982,0.631498,0.768927,0.099811,-0.143689,-0.179159,0.231319,0.668973,-0.606982,0.426003,0.050684,4.0,1.0,21.0,SACLR,14,Idle
1.11,-0.935093,-1.086905,-0.190092,0.631268,0.769147,0.099567,-0.151517,-0.191236,0.310421,0.668707,-0.609905,0.421662,0.055198,4.0,1.0,21.0,SACLR,14,Idle
1.12,-1.037228,-1.08473,-0.271822,0.630582,0.769606,0.100366,-0.139737,-0.169874,0.348059,0.66801,-0.613399,0.417044,0.059834,4.0,1.0,21.0,SACLR,14,Idle
1.13,-1.078523,-1.091121,-0.377508,0.629165,0.770586,0.101722,-0.106201,-0.151888,0.34684,0.667088,-0.617288,0.412088,0.064288,4.0,1.0,21.0,SACLR,14,Idle
1.14,-1.133051,-1.132973,-0.467158,0.627043,0.77211,0.103264,-0.045729,-0.135315,0.3153,0.666081,-0.621468,0.406706,0.068583,4.0,1.0,21.0,SACLR,14,Idle
1.15,-1.372867,-1.20818,-0.58926,0.624193,0.774109,0.105533,0.032209,-0.128739,0.260358,0.664763,-0.626231,0.400751,0.072964,4.0,1.0,21.0,SACLR,14,Idle
1.16,-1.83829,-1.30692,-0.744189,0.620351,0.776554,0.110128,0.103739,-0.151203,0.20373,0.662474,-0.632398,0.393874,0.077868,4.0,1.0,21.0,SACLR,14,Idle
1.17,-2.345054,-1.522147,-0.854535,0.615694,0.77914,0.117733,0.163862,-0.218151,0.153416,0.658873,-0.640328,0.385806,0.083785,4.0,1.0,21.0,SACLR,14,Idle
1.18,-2.836792,-1.762069,-0.88504,0.610898,0.781306,0.127926,0.197497,-0.301356,0.102024,0.654005,-0.649808,0.376447,0.091182,4.0,1.0,21.0,SACLR,14,Idle
1.19,-3.222232,-1.939869,-0.86162,0.606529,0.782564,0.140416,0.184594,-0.367983,0.077724,0.647903,-0.660461,0.36606,0.100072,4.0,1.0,21.0,SACLR,14,Idle
1.2,-3.404287,-2.036962,-0.814226,0.602896,0.782726,0.154457,0.135034,-0.388835,0.075981,0.640834,-0.671668,0.355093,0.110013,4.0,1.0,21.0,SACLR,14,Idle
1.21,-3.404287,-2.036962,-0.814226,0.602896,0.782726,0.154457,0.135034,-0.388835,0.075981,0.640834,-0.671668,0.355093,0.110013,4.0,1.0,21.0,SACLR,14,Idle
1.22,-3.430046,-2.028254,-0.742426,0.6001,0.781863,0.169025,0.070203,-0.367663,0.108059,0.63323,-0.682787,0.343969,0.120445,4.0,1.0,21.0,SACLR,14,Idle
1.23,-3.339626,-1.921534,-0.674905,0.598056,0.78012,0.183686,0.02052,-0.294525,0.168105,0.62534,-0.693437,0.333149,0.130793,4.0,1.0,21.0,SACLR,14,Idle
1.24,-3.194389,-1.796081,-0.581341,0.596692,0.777615,0.198173,-0.004544,-0.214948,0.25103,0.617345,-0.703413,0.32295,0.140706,4.0,1.0,21.0,SACLR,14,Idle
1.25,-2.919616,-1.690882,-0.414283,0.596364,0.774325,0.211591,-0.004628,-0.157336,0.295428,0.609623,-0.712357,0.313596,0.150215,4.0,1.0,21.0,SACLR,14,Idle
1.26,-2.617389,-1.607513,-0.20705,0.597576,0.770132,0.223157,0.007511,-0.130926,0.297427,0.602486,-0.719956,0.305356,0.159476,4.0,1.0,21.0,SACLR,14,Idle
1.27,-2.408289,-1.567973,-0.070447,0.600157,0.76523,0.232882,0.02083,-0.08983,0.278516,0.595934,-0.726361,0.298061,0.168585,4.0,1.0,21.0,SACLR,14,Idle
1.28,-2.32248,-1.533818,0.041829,0.603736,0.759719,0.241515,0.021477,-0.041488,0.248459,0.589634,-0.732031,0.291355,0.177691,4.0,1.0,21.0,SACLR,14,Idle
1.29,-2.425427,-1.467353,0.166102,0.608223,0.753276,0.250278,0.024315,-0.026668,0.197735,0.583021,-0.737445,0.285157,0.186942,4.0,1.0,21.0,SACLR,14,Idle
1.3,-2.758436,-1.376018,0.211718,0.61334,0.745484,0.260899,0.034152,-0.042069,0.1739,0.575295,-0.743273,0.279276,0.196434,4.0,1.0,21.0,SACLR,14,Idle
1.31,-3.34949,-1.25232,0.193391,0.618391,0.736053,0.275352,0.056124,-0.055252,0.157219,0.565534,-0.750351,0.273221,0.206143,4.0,1.0,21.0,SACLR,14,Idle
1.32,-3.996695,-1.15974,0.184434,0.623189,0.724368,0.29483,0.104304,-0.092487,0.114868,0.55304,-0.75914,0.266685,0.216175,4.0,1.0,21.0,SACLR,14,Idle
1.33,-4.366446,-1.237429,0.130602,0.627994,0.710445,0.317634,0.169675,-0.163143,0.060143,0.538324,-0.769107,0.259407,0.226694,4.0,1.0,21.0,SACLR,14,Idle
1.34,-4.521781,-1.458579,0.053503,0.633052,0.695218,0.340467,0.201207,-0.191342,0.087923,0.522689,-0.77925,0.251004,0.23783,4.0,1.0,21.0,SACLR,14,Idle
1.35,-4.502343,-1.639413,0.061893,0.638908,0.678927,0.361738,0.177391,-0.056353,0.132082,0.506742,-0.788967,0.24166,0.249687,4.0,1.0,21.0,SACLR,14,Idle
1.36,-4.115234,-1.668409,0.142714,0.645768,0.662167,0.380157,0.10231,0.159122,0.132446,0.491361,-0.797555,0.232347,0.261697,4.0,1.0,21.0,SACLR,14,Idle
1.37,-3.359628,-1.574041,0.216398,0.653288,0.646398,0.394188,0.02672,0.328898,0.095863,0.477912,-0.804279,0.224121,0.272958,4.0,1.0,21.0,SACLR,14,Idle
1.38,-2.673246,-1.433973,0.195929,0.660683,0.633017,0.40347,-0.028954,0.455545,0.078128,0.467173,-0.809036,0.217245,0.282868,4.0,1.0,21.0,SACLR,14,Idle
1.39,-2.418773,-1.263859,0.153444,0.667282,0.621594,0.410312,-0.060287,0.515079,0.125165,0.458141,-0.812744,0.211192,0.291463,4.0,1.0,21.0,SACLR,14,Idle
1.4,-2.446803,-1.107168,0.147725,0.673096,0.610535,0.417359,-0.065751,0.448547,0.16806,0.449254,-0.816357,0.205527,0.299152,4.0,1.0,21.0,SACLR,14,Idle
1.41,-2.551124,-1.034871,0.164721,0.67854,0.598927,0.425287,-0.052228,0.298106,0.151312,0.439857,-0.820146,0.200009,0.306402,4.0,1.0,21.0,SACLR,14,Idle
1.42,-2.671741,-0.99353,0.180834,0.683958,0.586492,0.433853,-0.040633,0.186671,0.129364,0.429836,-0.824082,0.194463,0.313552,4.0,1.0,21.0,SACLR,14,Idle
1.43,-2.769287,-0.893115,0.179043,0.689177,0.573264,0.443173,-0.039641,0.176553,0.121875,0.41918,-0.828197,0.188882,0.320471,4.0,1.0,21.0,SACLR,14,Idle
1.44,-2.745216,-0.765484,0.195202,0.693964,0.559532,0.453141,-0.04777,0.253532,0.111709,0.408137,-0.832413,0.183467,0.326884,4.0,1.0,21.0,SACLR,14,Idle
1.45,-2.478756,-0.682878,0.23082,0.698467,0.545954,0.462685,-0.054149,0.345845,0.061439,0.397438,-0.836334,0.17857,0.332717,4.0,1.0,21.0,SACLR,14,Idle
1.46,-2.143516,-0.62166,0.226104,0.702776,0.533544,0.470571,-0.058962,0.415751,-0.017278,0.38795,-0.839565,0.174399,0.337948,4.0,1.0,21.0,SACLR,14,Idle
1.47,-1.991268,-0.555644,0.160534,0.70661,0.522385,0.4773,-0.06745,0.461593,-0.05541,0.37946,-0.842345,0.170599,0.342579,4.0,1.0,21.0,SACLR,14,Idle
1.48,-1.981084,-0.439437,0.057329,0.709589,0.512046,0.484037,-0.080134,0.444955,-0.030287,0.3713,-0.845123,0.16669,0.34658,4.0,1.0,21.0,SACLR,14,Idle
1.49,-1.985666,-0.318792,-0.01157,0.711533,0.502214,0.491428,-0.085587,0.385267,-0.029285,0.363166,-0.848097,0.16262,0.349852,4.0,1.0,21.0,SACLR,14,Idle
1.5,-1.986692,-0.25377,-0.010019,0.71287,0.492407,0.49935,-0.084468,0.343958,-0.041633,0.35493,-0.851197,0.158555,0.352632,4.0,1.0,21.0,SACLR,14,Idle
1.51,-1.880046,-0.219031,0.011075,0.714111,0.482557,0.507132,-0.083969,0.340258,-0.062705,0.346804,-0.854182,0.154721,0.355191,4.0,1.0,21.0,SACLR,14,Idle
1.52,-1.702868,-0.129703,-0.035804,0.715015,0.473425,0.514415,-0.095813,0.374231,-0.088542,0.339272,-0.856942,0.151185,0.357334,4.0,1.0,21.0,SACLR,14,Idle
1.53,-1.552121,-0.027189,-0.065524,0.715175,0.46531,0.521546,-0.1049,0.428397,-0.102113,0.332403,-0.859588,0.147923,0.358797,4.0,1.0,21.0,SACLR,14,Idle
1.54,-1.338022,0.045133,-0.061537,0.714817,0.458145,0.528336,-0.100056,0.437622,-0.119797,0.326258,-0.862048,0.145057,0.359705,4.0,1.0,21.0,SACLR,14,Idle
1.55,-1.088991,0.077252,-0.055174,0.714255,0.452074,0.534292,-0.085807,0.389921,-0.146109,0.321069,-0.86416,0.142735,0.360234,4.0,1.0,21.0,SACLR,14,Idle
1.56,-0.939402,0.114197,-0.079657,0.713462,0.447133,0.539484,-0.071662,0.338619,-0.163935,0.316772,-0.865977,0.140805,0.360434,4.0,1.0,21.0,SACLR,14,Idle
1.57,-0.966595,0.132463,-0.12311,0.712363,0.442665,0.544597,-0.069694,0.309272,-0.18008,0.312724,-0.867769,0.138836,0.360424,4.0,1.0,21.0,SACLR,14,Idle
1.58,-0.949767,0.144947,-0.150943,0.711023,0.43835,0.549813,-0.072123,0.278371,-0.18992,0.308687,-0.869605,0.136728,0.360285,4.0,1.0,21.0,SACLR,14,Idle
1.59,-0.95941,0.184371,-0.130779,0.709523,0.43406,0.55513,-0.080251,0.272743,-0.17427,0.304666,-0.871456,0.134642,0.360019,4.0,1.0,21.0,SACLR,14,Idle
1.6,-0.819975,0.217476,-0.102368,0.707905,0.429815,0.560472,-0.091237,0.29066,-0.193987,0.300781,-0.873268,0.132809,0.359576,4.0,1.0,21.0,SACLR,14,Idle
1.61,-0.6223,0.243334,-0.075842,0.706225,0.426387,0.56519,-0.095782,0.274922,-0.201512,0.297645,-0.874818,0.131488,0.358904,4.0,1.0,21.0,SACLR,14,Idle
1.62,-0.50079,0.259564,-0.041723,0.704557,0.423605,0.569349,-0.092024,0.239375,-0.209196,0.29513,-0.876136,0.130616,0.358084,4.0,1.0,21.0,SACLR,14,Idle
1.63,-0.437248,0.277675,-0.018692,0.702907,0.421157,0.573192,-0.087154,0.179292,-0.218669,0.292975,-0.877315,0.130058,0.357169,4.0,1.0,21.0,SACLR,14,Idle
1.64,-0.484895,0.284276,-0.018982,0.701219,0.418659,0.577076,-0.072282,0.125393,-0.195271,0.290821,-0.878493,0.129572,0.356209,4.0,1.0,21.0,SACLR,14,Idle
1.65,-0.5146,0.257418,0.008869,0.699598,0.415763,0.581123,-0.049619,0.103615,-0.198249,0.288426,-0.87972,0.129049,0.355315,4.0,1.0,21.0,SACLR,14,Idle
1.66,-0.466891,0.204129,0.065461,0.698431,0.412618,0.584757,-0.034857,0.086406,-0.227442,0.28604,-0.880808,0.12867,0.354687,4.0,1.0,21.0,SACLR,14,Idle
1.67,-0.387872,0.193585,0.108611,0.697626,0.409433,0.587948,-0.030451,0.066031,-0.237316,0.283824,-0.881729,0.128563,0.354218,4.0,1.0,21.0,SACLR,14,Idle
1.68,-0.391745,0.180206,0.134974,0.697075,0.406369,0.59072,-0.036201,0.04964,-0.198814,0.281849,-0.882492,0.128718,0.353837,4.0,1.0,21.0,SACLR,14,Idle
1.69,-0.425544,0.200649,0.165693,0.696545,0.40284,0.593754,-0.045422,0.009803,-0.142552,0.279614,-0.883321,0.12892,0.353467,4.0,1.0,21.0,SACLR,14,Idle
1.7,-0.341166,0.225247,0.192879,0.696005,0.399308,0.596767,-0.05364,-0.066422,-0.095424,0.277459,-0.884116,0.129314,0.353034,4.0,1.0,21.0,SACLR,14,Idle
1.71,-0.388976,0.293663,0.237305,0.695335,0.395676,0.599958,-0.058723,-0.091156,-0.024,0.275338,-0.884919,0.129993,0.352434,4.0,1.0,21.0,SACLR,14,Idle
1.72,-0.427945,0.353417,0.279265,0.694386,0.39135,0.603881,-0.046925,-0.042611,0.032333,0.272816,-0.885898,0.130862,0.351611,4.0,1.0,21.0,SACLR,14,Idle
1.73,-0.324621,0.359954,0.306873,0.693373,0.386953,0.607866,-0.022216,0.005061,0.029738,0.270353,-0.886854,0.131993,0.35068,4.0,1.0,21.0,SACLR,14,Idle
1.74,-0.246344,0.37495,0.303672,0.692317,0.383138,0.611475,-0.005535,0.04655,0.032018,0.26834,-0.887668,0.133355,0.349651,4.0,1.0,21.0,SACLR,14,Idle
1.75,-0.194193,0.353098,0.322999,0.691256,0.379615,0.614863,0.003507,0.08387,0.023518,0.266565,-0.888395,0.134853,0.348584,4.0,1.0,21.0,SACLR,14,Idle
1.76,-0.12468,0.368279,0.293361,0.690277,0.376492,0.617876,-0.01355,0.09354,0.030256,0.265091,-0.889,0.136443,0.347547,4.0,1.0,21.0,SACLR,14,Idle
1.77,-0.07486,0.511381,0.203043,0.688525,0.374107,0.62127,-0.046527,0.089196,0.110053,0.263894,-0.88972,0.137965,0.346013,4.0,1.0,21.0,SACLR,14,Idle
1.78,0.089048,0.619387,0.09478,0.685514,0.373094,0.625196,-0.053572,0.100081,0.180406,0.263243,-0.890603,0.139374,0.343664,4.0,1.0,21.0,SACLR,14,Idle
1.79,0.316045,0.642121,0.035111,0.681765,0.373945,0.628777,-0.032946,0.147234,0.216041,0.263599,-0.891377,0.140838,0.340774,4.0,1.0,21.0,SACLR,14,Idle
1.8,0.478614,0.620386,0.020787,0.677855,0.376303,0.631592,-0.01686,0.187097,0.257828,0.264893,-0.891908,0.142462,0.337692,4.0,1.0,21.0,SACLR,14,Idle
1.81,0.567648,0.597023,0.04935,0.674148,0.379418,0.633693,-0.02275,0.190453,0.243413,0.266758,-0.892201,0.144307,0.334655,4.0,1.0,21.0,SACLR,14,Idle
1.82,0.528263,0.643332,0.063149,0.67046,0.382585,0.635697,-0.059178,0.103392,0.187636,0.268718,-0.892432,0.146334,0.331574,4.0,1.0,21.0,SACLR,14,Idle
1.83,0.256568,0.744516,-0.002575,0.666191,0.384957,0.638747,-0.092308,-0.001184,0.129075,0.269977,-0.892996,0.148095,0.328236,4.0,1.0,21.0,SACLR,14,Idle
1.84,-0.098365,0.838179,-0.080011,0.660896,0.385774,0.643735,-0.102684,-0.062791,0.157672,0.269816,-0.894225,0.149096,0.324549,4.0,1.0,21.0,SACLR,14,Idle
1.85,-0.36091,0.803639,-0.082268,0.655193,0.384754,0.650143,-0.084743,-0.059574,0.170627,0.268234,-0.89596,0.149421,0.320903,4.0,1.0,21.0,SACLR,14,Idle
1.86,-0.374806,0.668485,-0.015173,0.650194,0.382563,0.656425,-0.057237,-0.014963,0.076134,0.26604,-0.897685,0.149578,0.317821,4.0,1.0,21.0,SACLR,14,Idle
1.87,-0.328889,0.561737,0.047698,0.646217,0.379909,0.66187,-0.050254,0.018483,-0.056265,0.263856,-0.899138,0.149956,0.315348,4.0,1.0,21.0,SACLR,14,Idle
1.88,-0.150659,0.507536,-0.054944,0.642731,0.378332,0.666154,-0.093293,0.018732,-0.102479,0.262397,-0.900273,0.150284,0.313162,4.0,1.0,21.0,SACLR,14,Idle
1.89,0.051191,0.508303,-0.092856,0.639029,0.378494,0.669614,-0.150397,0.039948,-0.104917,0.2619,-0.901198,0.150499,0.310807,4.0,1.0,21.0,SACLR,14,Idle
1.9,0.227543,0.527897,-0.051591,0.635277,0.379887,0.67239,-0.188241,0.038952,-0.09663,0.262252,-0.90187,0.151081,0.308268,4.0,1.0,21.0,SACLR,14,Idle
1.91,0.334285,0.549635,-0.032846,0.631507,0.382116,0.674675,-0.203879,-0.001135,-0.054954,0.263225,-0.902341,0.152044,0.305574,4.0,1.0,21.0,SACLR,14,Idle
1.92,0.336869,0.625237,-0.031128,0.62743,0.384631,0.677045,-0.201511,-0.049624,-0.018614,0.26437,-0.902805,0.153186,0.302631,4.0,1.0,21.0,SACLR,14,Idle
1.93,0.205299,0.726654,-0.020082,0.622694,0.386669,0.680249,-0.17903,-0.117763,0.050235,0.26513,-0.903488,0.154383,0.299302,4.0,1.0,21.0,SACLR,14,Idle
1.94,0.052652,0.76109,0.02597,0.617598,0.387607,0.684349,-0.120192,-0.159565,0.099495,0.265165,-0.904421,0.155554,0.295826,4.0,1.0,21.0,SACLR,14,Idle
1.95,-0.14691,0.821123,0.111512,0.612469,0.386858,0.689364,-0.070355,-0.167803,0.169935,0.264237,-0.905584,0.156841,0.292398,4.0,1.0,21.0,SACLR,14,Idle
1.96,-0.379089,0.93712,0.183871,0.606903,0.38411,0.695793,-0.036102,-0.155579,0.231789,0.262119,-0.907104,0.158299,0.288785,4.0,1.0,21.0,SACLR,14,Idle
1.97,-0.52228,0.962355,0.213085,0.600969,0.379638,0.703357,0.005202,-0.164855,0.244824,0.258957,-0.908924,0.159798,0.285066,4.0,1.0,21.0,SACLR,14,Idle
1.98,-0.565724,0.990449,0.154371,0.594785,0.374633,0.711253,0.030841,-0.173461,0.237874,0.255412,-0.910859,0.16113,0.281314,4.0,1.0,21.0,SACLR,14,Idle
1.99,-0.58782,1.071911,0.131364,0.587731,0.369535,0.719733,0.014228,-0.074247,0.259774,0.251592,-0.913008,0.162119,0.277191,4.0,1.0,21.0,SACLR,14,Idle
2.0,-0.595667,1.077207,0.229631,0.580746,0.364033,0.728158,0.011661,0.045116,0.124442,0.247695,-0.91507,0.163479,0.273072,4.0,1.0,21.0,SACLR,14,Idle
2.01,-0.23162,1.068764,0.218477,0.573649,0.359545,0.735972,-0.007746,0.117445,0.075475,0.244515,-0.91688,0.165279,0.26875,4.0,1.0,21.0,SACLR,14,Idle
2.02,0.033328,1.070348,0.243247,0.56655,0.357508,0.742435,-0.056525,0.143072,0.112378,0.242858,-0.918241,0.167481,0.264201,4.0,1.0,21.0,SACLR,14,Idle
2.03,0.374963,1.159797,0.272286,0.559252,0.357582,0.747911,-0.101656,0.147728,0.068357,0.242536,-0.919215,0.170292,0.259269,4.0,1.0,21.0,SACLR,14,Idle
2.04,0.61016,1.222725,0.310089,0.551276,0.359734,0.752785,-0.112144,0.11988,0.10958,0.24344,-0.919895,0.173742,0.253662,4.0,1.0,21.0,SACLR,14,Idle
2.05,0.80976,1.181997,0.372086,0.543428,0.363275,0.756781,-0.074648,0.070563,0.09028,0.245255,-0.920225,0.177696,0.24791,4.0,1.0,21.0,SACLR,14,Idle
2.06,0.844379,1.205613,0.438138,0.535838,0.367446,0.760171,-0.045711,0.008851,0.104132,0.247542,-0.920292,0.182068,0.242151,4.0,1.0,21.0,SACLR,14,Idle
2.07,0.7227,1.207945,0.50058,0.528336,0.370958,0.763709,-0.0336,-0.092424,0.164667,0.249496,-0.920326,0.186692,0.236426,4.0,1.0,21.0,SACLR,14,Idle
2.08,0.487413,1.208313,0.571879,0.521083,0.372802,0.767783,-0.023982,-0.191421,0.161965,0.25053,-0.920468,0.191392,0.230961,4.0,1.0,21.0,SACLR,14,Idle
2.09,0.185648,1.256182,0.622471,0.513839,0.372282,0.772901,-0.020339,-0.230314,0.133914,0.250204,-0.920866,0.196103,0.225715,4.0,1.0,21.0,SACLR,14,Idle
2.1,-0.077674,1.30554,0.576948,0.506077,0.369604,0.779281,-0.010411,-0.226431,0.130692,0.248489,-0.921642,0.20054,0.220483,4.0,1.0,21.0,SACLR,14,Idle
2.11,-0.223327,1.311699,0.561317,0.497893,0.365434,0.786486,0.023988,-0.141969,0.107313,0.245767,-0.922702,0.204609,0.215303,4.0,1.0,21.0,SACLR,14,Idle
2.12,-0.202301,1.303495,0.538375,0.489569,0.361036,0.79371,0.072992,-0.041761,0.062186,0.242858,-0.923776,0.20855,0.210155,4.0,1.0,21.0,SACLR,14,Idle
2.13,-0.322648,1.298746,0.527196,0.481038,0.356406,0.800985,0.097286,0.016366,0.119394,0.239738,-0.924888,0.21231,0.20502,4.0,1.0,21.0,SACLR,14,Idle
2.14,-0.353183,1.275107,0.508963,0.472481,0.351086,0.808394,0.11689,-0.005001,0.09868,0.236199,-0.926055,0.215914,0.200033,4.0,1.0,21.0,SACLR,14,Idle
2.15,-0.369729,1.273799,0.45376,0.463808,0.345941,0.815602,0.134963,-0.005349,-0.004064,0.232686,-0.927208,0.219287,0.195079,4.0,1.0,21.0,SACLR,14,Idle
2.16,-0.472843,1.356153,0.466494,0.454605,0.340322,0.823113,0.106736,-0.029943,0.076881,0.228805,-0.928461,0.222525,0.189979,4.0,1.0,21.0,SACLR,14,Idle
2.17,-0.52107,1.377115,0.42743,0.4447,0.334025,0.831065,0.10132,-0.087046,0.087957,0.224443,-0.929826,0.225735,0.184643,4.0,1.0,21.0,SACLR,14,Idle
2.18,-0.425428,1.317062,0.381873,0.434761,0.32821,0.838606,0.170051,-0.017404,-0.075514,0.220284,-0.931142,0.228641,0.179366,4.0,1.0,21.0,SACLR,14,Idle
2.19,-0.292138,1.261917,0.460493,0.42518,0.323346,0.845381,0.19747,0.040149,-0.013762,0.216724,-0.932205,0.2317,0.174184,4.0,1.0,21.0,SACLR,14,Idle
2.2,-0.306041,1.209823,0.536788,0.416323,0.318771,0.851505,0.181684,0.013718,0.033932,0.213502,-0.932987,0.235133,0.169306,4.0,1.0,21.0,SACLR,14,Idle
2.21,-0.478828,1.180648,0.551001,0.407788,0.313115,0.857711,0.167346,-0.091435,-0.000762,0.209769,-0.933758,0.238645,0.164747,4.0,1.0,21.0,SACLR,14,Idle
2.22,-0.542818,1.114727,0.505227,0.399512,0.306443,0.863992,0.168588,-0.127762,-0.052667,0.205495,-0.934604,0.241891,0.160548,4.0,1.0,21.0,SACLR,14,Idle
2.23,-0.562965,1.020515,0.493803,0.391735,0.299643,0.869918,0.166157,-0.043311,-0.105804,0.201194,-0.935411,0.244877,0.156722,4.0,1.0,21.0,SACLR,14,Idle
2.24,-0.479272,0.940349,0.504106,0.384657,0.293016,0.875317,0.154756,0.044051,-0.130368,0.197088,-0.936086,0.247793,0.153289,4.0,1.0,21.0,SACLR,14,Idle
2.25,-0.296246,0.837862,0.447154,0.378208,0.287743,0.879865,0.14349,0.076332,-0.149076,0.193775,-0.936548,0.25062,0.150062,4.0,1.0,21.0,SACLR,14,Idle
2.26,-0.24228,0.756153,0.417113,0.372418,0.283751,0.883623,0.150226,0.137834,-0.152285,0.191191,-0.936856,0.253206,0.147086,4.0,1.0,21.0,SACLR,14,Idle
2.27,-0.236218,0.609241,0.383678,0.367469,0.280107,0.886851,0.163658,0.147184,-0.147945,0.188888,-0.937068,0.255595,0.144553,4.0,1.0,21.0,SACLR,14,Idle
2.28,-0.06249,0.495664,0.328322,0.363593,0.277304,0.889327,0.182153,0.190836,-0.243026,0.187136,-0.937165,0.257655,0.142536,4.0,1.0,21.0,SACLR,14,Idle
2.29,0.235095,0.397229,0.294631,0.360492,0.276906,0.890712,0.173474,0.22288,-0.262966,0.186725,-0.936998,0.259599,0.140632,4.0,1.0,21.0,SACLR,14,Idle
2.3,0.441047,0.373101,0.258656,0.357868,0.279056,0.891099,0.12756,0.127529,-0.175233,0.187688,-0.936575,0.261491,0.138649,4.0,1.0,21.0,SACLR,14,Idle
2.31,0.362977,0.393189,0.348727,0.355264,0.281673,0.891318,0.109778,0.050542,-0.095191,0.188908,-0.936062,0.263527,0.136582,4.0,1.0,21.0,SACLR,14,Idle
2.32,0.285225,0.38547,0.382553,0.352841,0.283163,0.891808,0.133563,-0.036276,-0.042184,0.189616,-0.935531,0.265869,0.134691,4.0,1.0,21.0,SACLR,14,Idle
2.33,0.243841,0.316483,0.398552,0.350802,0.284141,0.892301,0.141553,-0.063667,-0.075376,0.190116,-0.934998,0.268198,0.133062,4.0,1.0,21.0,SACLR,14,Idle
2.34,0.271225,0.280749,0.417371,0.34942,0.284904,0.8926,0.120261,-0.044273,-0.111259,0.190615,-0.93439,0.270582,0.131779,4.0,1.0,21.0,SACLR,14,Idle
2.35,0.239809,0.326532,0.354974,0.347809,0.285984,0.892884,0.081696,-0.047489,-0.095887,0.19122,-0.933802,0.272865,0.130356,4.0,1.0,21.0,SACLR,14,Idle
2.36,0.078193,0.284977,0.341816,0.346003,0.286181,0.893522,0.095174,-0.013369,-0.050611,0.191297,-0.933383,0.274877,0.129013,4.0,1.0,21.0,SACLR,14,Idle
2.37,0.134295,0.129258,0.369517,0.345114,0.285637,0.89404,0.150751,0.046257,-0.09979,0.191132,-0.932956,0.27679,0.128252,4.0,1.0,21.0,SACLR,14,Idle
2.38,0.507568,-0.040385,0.396213,0.345876,0.287129,0.893267,0.166728,0.11697,-0.226611,0.192304,-0.932144,0.278822,0.128005,4.0,1.0,21.0,SACLR,14,Idle
2.39,0.9261,-0.173086,0.400126,0.347985,0.292087,0.890838,0.116355,0.181271,-0.228118,0.195512,-0.930824,0.281044,0.127892,4.0,1.0,21.0,SACLR,14,Idle
2.4,1.397304,-0.208314,0.388872,0.350942,0.301111,0.886663,0.034678,0.219717,-0.198126,0.200986,-0.928978,0.283427,0.127566,4.0,1.0,21.0,SACLR,14,Idle
2.41,1.743237,-0.164746,0.365087,0.35378,0.313739,0.881139,-0.011083,0.195248,-0.187826,0.208342,-0.926703,0.28599,0.126584,4.0,1.0,21.0,SACLR,14,Idle
2.42,1.865701,-0.158017,0.357196,0.356288,0.328458,0.874742,0.027455,0.093768,-0.114656,0.216767,-0.924156,0.288629,0.125064,4.0,1.0,21.0,SACLR,14,Idle
2.43,1.821705,-0.247721,0.39223,0.359301,0.343273,0.867794,0.09799,-0.006665,-0.01524,0.225381,-0.921438,0.291287,0.123719,4.0,1.0,21.0,SACLR,14,Idle
2.44,1.66577,-0.338105,0.411982,0.363288,0.356994,0.860568,0.120919,-0.060668,0.030622,0.233649,-0.918644,0.293899,0.12298,4.0,1.0,21.0,SACLR,14,Idle
2.45,1.375025,-0.331382,0.380749,0.367665,0.368661,0.853763,0.082576,-0.092919,0.068631,0.240931,-0.91603,0.296261,0.122763,4.0,1.0,21.0,SACLR,14,Idle
2.46,1.068615,-0.277756,0.337328,0.371619,0.377726,0.848069,0.035012,-0.115687,0.097609,0.246756,-0.913813,0.298295,0.122786,4.0,1.0,21.0,SACLR,14,Idle
2.47,0.88522,-0.26135,0.261646,0.375034,0.384799,0.843373,0.005596,-0.067065,0.06454,0.251397,-0.911991,0.299933,0.122934,4.0,1.0,21.0,SACLR,14,Idle
2.48,0.852694,-0.270741,0.195398,0.378147,0.39118,0.839037,-0.007282,0.017358,0.006849,0.255575,-0.910396,0.301161,0.123138,4.0,1.0,21.0,SACLR,14,Idle
2.49,0.874394,-0.298355,0.124209,0.381188,0.397813,0.83453,-0.014459,0.055968,-0.03503,0.25985,-0.908854,0.302076,0.123342,4.0,1.0,21.0,SACLR,14,Idle
2.5,0.881489,-0.379086,0.056284,0.384355,0.404767,0.829719,-0.003481,0.085879,-0.076179,0.264283,-0.907367,0.302563,0.123671,4.0,1.0,21.0,SACLR,14,Idle
2.51,0.979696,-0.445462,-0.006343,0.38791,0.412383,0.824297,0.013289,0.07306,-0.091631,0.269131,-0.905817,0.302728,0.124177,4.0,1.0,21.0,SACLR,14,Idle
2.52,1.081479,-0.524789,-0.039899,0.391748,0.420788,0.818212,0.01911,0.079761,-0.071111,0.274446,-0.904191,0.302563,0.124793,4.0,1.0,21.0,SACLR,14,Idle
2.53,1.410352,-0.524267,-0.053846,0.395954,0.4312,0.810732,0.017681,0.065962,-0.048449,0.280968,-0.90217,0.302415,0.125262,4.0,1.0,21.0,SACLR,14,Idle
2.54,1.426351,-0.455885,-0.106908,0.399523,0.443166,0.802487,-0.00284,0.00941,0.096744,0.288251,-0.899949,0.302218,0.12517,4.0,1.0,21.0,SACLR,14,Idle
2.55,1.236862,-0.369552,-0.064305,0.402452,0.454266,0.794779,-0.000734,-0.082013,0.233312,0.294984,-0.897858,0.302061,0.124878,4.0,1.0,21.0,SACLR,14,Idle
2.56,0.882687,-0.25863,-0.002315,0.4048,0.462873,0.788597,-0.004959,-0.199598,0.299217,0.300283,-0.896116,0.302118,0.124626,4.0,1.0,21.0,SACLR,14,Idle
2.57,0.451133,-0.172589,0.046611,0.406631,0.468054,0.784587,-0.025528,-0.304007,0.32726,0.303604,-0.894928,0.30232,0.124624,4.0,1.0,21.0,SACLR,14,Idle
2.58,-0.096471,-0.110425,0.086517,0.408087,0.469253,0.783113,-0.051199,-0.331238,0.291823,0.304624,-0.894446,0.302528,0.12509,4.0,1.0,21.0,SACLR,14,Idle
2.59,-0.590339,-0.087076,0.095938,0.409278,0.465973,0.784448,-0.075004,-0.256333,0.175131,0.303059,-0.8948,0.302584,0.126216,4.0,1.0,21.0,SACLR,14,Idle
2.6,-0.683571,-0.156981,0.023431,0.410488,0.460623,0.786973,-0.103176,-0.13381,0.019683,0.300294,-0.89561,0.302273,0.127816,4.0,1.0,21.0,SACLR,14,Idle
2.61,-0.571855,-0.282594,0.003164,0.412302,0.455447,0.789034,-0.149378,0.001646,-0.060046,0.297709,-0.89642,0.301576,0.129815,4.0,1.0,21.0,SACLR,14,Idle
2.62,-0.302852,-0.366961,0.015713,0.415049,0.452229,0.789445,-0.196559,0.07307,-0.147813,0.29641,-0.896788,0.300822,0.13198,4.0,1.0,21.0,SACLR,14,Idle
2.63,0.180437,-0.372602,-0.008199,0.418003,0.451512,0.788295,-0.231785,0.085429,-0.163479,0.296573,-0.896655,0.300261,0.133777,4.0,1.0,21.0,SACLR,14,Idle
2.64,0.466383,-0.246901,-0.092534,0.420228,0.454406,0.785444,-0.248048,0.090866,-0.002532,0.298598,-0.896026,0.299767,0.134599,4.0,1.0,21.0,SACLR,14,Idle
2.65,0.613305,-0.125927,-0.106167,0.421237,0.459144,0.782142,-0.215838,0.093865,0.111489,0.301414,-0.895218,0.299427,0.134455,4.0,1.0,21.0,SACLR,14,Idle
2.66,0.601947,0.016021,-0.129133,0.421134,0.464464,0.77905,-0.111716,0.101774,0.185931,0.30434,-0.894427,0.299206,0.133612,4.0,1.0,21.0,SACLR,14,Idle
2.67,0.464188,0.189341,-0.174581,0.419636,0.469336,0.776936,-0.027287,0.041056,0.378215,0.306729,-0.893874,0.299093,0.132097,4.0,1.0,21.0,SACLR,14,Idle
2.68,0.162773,0.310481,-0.288456,0.416566,0.47275,0.776517,0.019927,-0.000765,0.501406,0.307907,-0.893905,0.29865,0.130133,4.0,1.0,21.0,SACLR,14,Idle
2.69,-0.260472,0.385232,-0.314232,0.412361,0.473595,0.778246,0.054924,0.02581,0.453581,0.30733,-0.894678,0.297781,0.128162,4.0,1.0,21.0,SACLR,14,Idle
2.7,-0.464398,0.34201,-0.23757,0.408184,0.471779,0.781543,0.090885,0.050773,0.23164,0.305267,-0.895901,0.296872,0.126651,4.0,1.0,21.0,SACLR,14,Idle
2.71,-0.530301,0.178072,-0.237544,0.405033,0.468744,0.785001,0.09695,0.059332,-0.046293,0.302747,-0.897181,0.295917,0.12587,4.0,1.0,21.0,SACLR,14,Idle
2.72,-0.589687,0.043231,-0.281421,0.402984,0.465442,0.788015,0.057694,0.096279,-0.204259,0.300272,-0.898461,0.294576,0.125814,4.0,1.0,21.0,SACLR,14,Idle
2.73,-0.533808,-0.045796,-0.339943,0.401543,0.462024,0.790757,0.002052,0.180875,-0.357591,0.297807,-0.899808,0.292786,0.126224,4.0,1.0,21.0,SACLR,14,Idle
2.74,-0.290491,-0.167199,-0.408541,0.400732,0.460279,0.792185,-0.042379,0.232317,-0.398752,0.29637,-0.900881,0.2907,0.126777,4.0,1.0,21.0,SACLR,14,Idle
2.75,-0.161687,-0.176323,-0.469062,0.400166,0.460243,0.792491,-0.076634,0.283516,-0.288631,0.295893,-0.901737,0.288299,0.127285,4.0,1.0,21.0,SACLR,14,Idle
2.76,-0.073547,-0.07952,-0.468283,0.399004,0.461231,0.792503,-0.087557,0.285946,-0.142723,0.295865,-0.902502,0.285905,0.127327,4.0,1.0,21.0,SACLR,14,Idle
2.77,-0.088205,-0.02107,-0.433352,0.397307,0.462406,0.792672,-0.053664,0.202267,-0.088479,0.295868,-0.903229,0.28375,0.12699,4.0,1.0,21.0,SACLR,14,Idle
2.78,-0.183347,0.006365,-0.394191,0.39547,0.463006,0.793239,0.001076,0.098639,-0.030498,0.295552,-0.904,0.281785,0.126607,4.0,1.0,21.0,SACLR,14,Idle
2.79,-0.369644,0.056868,-0.343822,0.393519,0.462293,0.794624,0.037237,0.057269,0.016975,0.294508,-0.904939,0.279996,0.126305,4.0,1.0,21.0,SACLR,14,Idle
2.8,-0.446538,0.063009,-0.315775,0.391532,0.4602,0.796818,0.067162,0.100301,0.004223,0.292708,-0.906057,0.278333,0.126146,4.0,1.0,21.0,SACLR,14,Idle
2.81,-0.227092,0.013468,-0.277769,0.389813,0.458493,0.798642,0.097644,0.143588,-0.053678,0.291204,-0.907024,0.276818,0.126012,4.0,1.0,21.0,SACLR,14,Idle
2.82,0.358005,-0.095068,-0.226201,0.389125,0.460178,0.798009,0.099721,0.106747,-0.226476,0.291842,-0.907209,0.275639,0.125792,4.0,1.0,21.0,SACLR,14,Idle
2.83,0.510418,-0.282084,-0.173536,0.389728,0.464647,0.795119,0.079388,0.047651,-0.18344,0.294334,-0.906682,0.274749,0.125729,4.0,1.0,21.0,SACLR,14,Idle
2.84,0.454589,-0.274706,-0.111127,0.391428,0.469066,0.791683,0.044623,0.023152,-0.083645,0.297038,-0.905972,0.273964,0.126203,4.0,1.0,21.0,SACLR,14,Idle
2.85,0.331736,-0.084369,-0.060517,0.392534,0.472595,0.789031,0.015257,-0.016022,-0.009048,0.299183,-0.905365,0.273549,0.126386,4.0,1.0,21.0,SACLR,14,Idle
2.86,0.090144,0.376242,-0.134076,0.391294,0.474598,0.788445,0.040041,-0.034169,-0.079583,0.300051,-0.905229,0.273463,0.125487,4.0,1.0,21.0,SACLR,14,Idle
2.87,-0.16969,1.680243,-0.636172,0.381939,0.475789,0.792305,0.218571,0.062404,-0.070076,0.298839,-0.906347,0.273292,0.120593,4.0,1.0,21.0,SACLR,14,Idle
2.88,-1.009916,2.78493,-1.153839,0.358941,0.474825,0.803556,0.61785,0.323881,0.576052,0.293691,-0.90977,0.272207,0.109397,4.0,1.0,21.0,SACLR,14,Idle
2.89,-1.346464,1.494904,-0.980431,0.33512,0.468389,0.8175,1.252114,0.569941,0.553319,0.285373,-0.914308,0.269796,0.099056,4.0,1.0,21.0,SACLR,14,Idle
2.9,-0.088918,-0.775745,-0.428895,0.32924,0.464474,0.82211,1.782623,0.456043,-0.167859,0.281805,-0.916485,0.266665,0.097626,4.0,1.0,21.0,SACLR,14,Idle
2.91,0.923963,-1.802844,-0.241108,0.339121,0.469406,0.815264,1.484533,0.136048,-0.501879,0.285979,-0.915515,0.263561,0.102879,4.0,1.0,21.0,SACLR,14,Idle
2.92,1.044052,-1.83789,-0.40762,0.352727,0.478752,0.803978,0.74293,0.032708,-0.565361,0.293253,-0.913452,0.259988,0.109608,4.0,1.0,21.0,SACLR,14,Idle
2.93,0.737955,-1.470653,-0.68523,0.363456,0.488003,0.79357,0.206978,-0.016765,-0.435782,0.299884,-0.911862,0.255524,0.115259,4.0,1.0,21.0,SACLR,14,Idle
2.94,0.321874,-0.996053,-0.826706,0.369385,0.495052,0.786434,-0.075867,-0.074092,-0.226345,0.304329,-0.911309,0.250464,0.119026,4.0,1.0,21.0,SACLR,14,Idle
2.95,-0.098471,-0.710925,-0.723728,0.372051,0.498828,0.782783,-0.145275,-0.132266,-0.074287,0.30634,-0.911615,0.245661,0.121509,4.0,1.0,21.0,SACLR,14,Idle
2.96,-0.453576,-0.755684,-0.60679,0.374397,0.499073,0.781507,-0.055092,-0.135792,-0.137021,0.306332,-0.912407,0.241385,0.124127,4.0,1.0,21.0,SACLR,14,Idle
2.97,-0.636317,-0.909131,-0.636722,0.377836,0.49702,0.781159,0.081804,-0.075725,-0.13321,0.305163,-0.913473,0.236955,0.127654,4.0,1.0,21.0,SACLR,14,Idle
2.98,-0.651602,-1.061973,-0.694881,0.382232,0.494428,0.780666,0.174607,-0.008848,-0.056515,0.303749,-0.914619,0.231959,0.131922,4.0,1.0,21.0,SACLR,14,Idle
2.99,-0.537672,-1.214226,-0.66418,0.387728,0.49241,0.77923,0.220136,0.031073,0.004644,0.30278,-0.91555,0.226679,0.136781,4.0,1.0,21.0,SACLR,14,Idle
3.0,-0.233608,-1.483968,-0.518688,0.395286,0.491567,0.775958,0.229332,0.008021,0.014447,0.302841,-0.915889,0.221644,0.142506,4.0,1.0,21.0,SACLR,14,Idle
3.01,0.231074,-1.699384,-0.404886,0.405421,0.493407,0.769534,0.172323,-0.075805,-0.040225,0.304938,-0.915221,0.217113,0.149149,4.0,1.0,21.0,SACLR,14,Idle
3.02,0.589187,-1.713728,-0.337135,0.416785,0.498096,0.760388,0.049554,-0.129597,-0.031583,0.308971,-0.913666,0.213095,0.156023,4.0,1.0,21.0,SACLR,14,Idle
3.03,0.928043,-1.646671,-0.210128,0.428125,0.505027,0.749437,-0.059976,-0.166038,-0.042604,0.314454,-0.911428,0.209803,0.16248,4.0,1.0,21.0,SACLR,14,Idle
3.04,1.249301,-1.542185,-0.024855,0.439424,0.513673,0.736917,-0.112993,-0.228394,-0.011713,0.321201,-0.908489,0.207622,0.168437,4.0,1.0,21.0,SACLR,14,Idle
3.05,1.372617,-1.43506,0.12332,0.450563,0.52319,0.72337,-0.112993,-0.259732,0.093051,0.328749,-0.904994,0.20657,0.173893,4.0,1.0,21.0,SACLR,14,Idle
3.06,1.320678,-1.382878,0.250137,0.46165,0.531998,0.709829,-0.088618,-0.236222,0.165537,0.336129,-0.901313,0.206275,0.179172,4.0,1.0,21.0,SACLR,14,Idle
3.07,1.270688,-1.330744,0.344258,0.472852,0.539729,0.696493,-0.050962,-0.246959,0.191751,0.34311,-0.897553,0.206509,0.184469,4.0,1.0,21.0,SACLR,14,Idle
3.08,1.039141,-1.27121,0.362359,0.483803,0.546138,0.683863,-0.010307,-0.246425,0.249502,0.349393,-0.893925,0.206951,0.189718,4.0,1.0,21.0,SACLR,14,Idle
3.09,0.704402,-1.268996,0.361351,0.494393,0.550251,0.672904,0.025199,-0.189777,0.338556,0.354226,-0.890807,0.207159,0.195121,4.0,1.0,21.0,SACLR,14,Idle
3.1,0.513062,-1.2955,0.383879,0.505024,0.552427,0.663155,0.032314,-0.189177,0.426002,0.357875,-0.888073,0.207132,0.200867,4.0,1.0,21.0,SACLR,14,Idle
3.11,0.433495,-1.342135,0.416026,0.515924,0.553486,0.653816,0.008383,-0.256428,0.404534,0.360922,-0.885467,0.207017,0.206947,4.0,1.0,21.0,SACLR,14,Idle
3.12,0.307523,-1.351046,0.425703,0.52708,0.553744,0.644635,-0.039562,-0.324435,0.353122,0.363563,-0.882912,0.20684,0.213318,4.0,1.0,21.0,SACLR,14,Idle
3.13,0.036711,-1.241742,0.396934,0.537736,0.552704,0.636677,-0.114106,-0.305817,0.400249,0.365261,-0.880745,0.206462,0.21965,4.0,1.0,21.0,SACLR,14,Idle
3.14,-0.122946,-1.092506,0.413443,0.547392,0.550146,0.630636,-0.19972,-0.204702,0.422892,0.365765,-0.879129,0.206032,0.225605,4.0,1.0,21.0,SACLR,14,Idle
3.15,-0.039815,-0.911377,0.410758,0.555999,0.547251,0.625605,-0.248565,-0.099512,0.365194,0.365912,-0.877723,0.205923,0.230881,4.0,1.0,21.0,SACLR,14,Idle
3.16,0.091038,-0.791366,0.289926,0.563244,0.545383,0.620736,-0.252255,0.009884,0.299842,0.366471,-0.876319,0.205991,0.235225,4.0,1.0,21.0,SACLR,14,Idle
3.17,0.132629,-0.755991,0.05439,0.569006,0.545157,0.615659,-0.211599,0.128808,0.214434,0.367611,-0.874986,0.205495,0.238816,4.0,1.0,21.0,SACLR,14,Idle
3.18,-0.034141,-0.772785,-0.18704,0.57333,0.545895,0.610975,-0.144756,0.232181,0.103197,0.368725,-0.874031,0.203856,0.24198,4.0,1.0,21.0,SACLR,14,Idle
3.19,-0.210943,-0.858627,-0.384602,0.576707,0.546795,0.606979,-0.053071,0.286945,-0.021103,0.369353,-0.873564,0.200938,0.24513,4.0,1.0,21.0,SACLR,14,Idle
3.2,-0.251798,-1.04325,-0.502932,0.579962,0.547936,0.602835,0.0431,0.296882,-0.144461,0.369793,-0.873291,0.196925,0.248668,4.0,1.0,21.0,SACLR,14,Idle
3.21,-0.098555,-1.264053,-0.546727,0.583996,0.549899,0.597126,0.109653,0.249707,-0.233189,0.370769,-0.8727,0.192241,0.252917,4.0,1.0,21.0,SACLR,14,Idle
3.22,0.129138,-1.421034,-0.535249,0.588989,0.553219,0.589102,0.123093,0.123661,-0.223517,0.372837,-0.871457,0.187388,0.257763,4.0,1.0,21.0,SACLR,14,Idle
3.23,0.246177,-1.531207,-0.495217,0.594793,0.557401,0.579245,0.101877,-0.0043,-0.183066,0.375721,-0.869641,0.182614,0.26308,4.0,1.0,21.0,SACLR,14,Idle
3.24,0.108268,-1.573076,-0.404142,0.60123,0.561264,0.568775,0.067517,-0.102935,-0.132801,0.378604,-0.867593,0.177962,0.268834,4.0,1.0,21.0,SACLR,14,Idle
3.25,-0.127878,-1.542804,-0.230189,0.608228,0.563107,0.559436,0.040026,-0.149136,-0.123523,0.380333,-0.865788,0.173576,0.275007,4.0,1.0,21.0,SACLR,14,Idle
3.26,-0.135207,-1.538868,-0.008668,0.616111,0.563023,0.550828,0.030343,-0.210729,-0.145875,0.381188,-0.864026,0.169921,0.28157,4.0,1.0,21.0,SACLR,14,Idle
3.27,-0.063,-1.534869,0.170112,0.625021,0.561964,0.541798,0.023981,-0.246107,-0.170735,0.381947,-0.861941,0.167202,0.288475,4.0,1.0,21.0,SACLR,14,Idle
3.28,-0.006414,-1.538456,0.324626,0.634678,0.560191,0.532325,0.015789,-0.213771,-0.174033,0.3827,-0.85956,0.165284,0.295599,4.0,1.0,21.0,SACLR,14,Idle
3.29,-0.006882,-1.586883,0.483873,0.645198,0.557614,0.522289,0.014409,-0.16911,-0.171536,0.383396,-0.856877,0.164031,0.303089,4.0,1.0,21.0,SACLR,14,Idle
3.3,-0.29866,-1.556984,0.634458,0.656531,0.55348,0.512471,0.004739,-0.115431,-0.153539,0.383434,-0.854159,0.163241,0.311035,4.0,1.0,21.0,SACLR,14,Idle
3.31,-0.015186,-1.583867,0.784703,0.668467,0.548097,0.502734,-0.023081,-0.042482,-0.068804,0.383049,-0.851338,0.163067,0.319228,4.0,1.0,21.0,SACLR,14,Idle
3.32,0.17932,-1.506727,0.894854,0.680759,0.542809,0.49186,-0.05643,-0.027245,-0.05616,0.383284,-0.847998,0.163796,0.327358,4.0,1.0,21.0,SACLR,14,Idle
3.33,0.386171,-1.425908,1.015992,0.693096,0.537616,0.480195,-0.077633,0.006467,0.066894,0.384117,-0.844222,0.16549,0.335197,4.0,1.0,21.0,SACLR,14,Idle
3.34,0.528434,-1.296669,1.123694,0.705335,0.532304,0.46814,-0.086561,0.034209,0.143219,0.385401,-0.840108,0.16819,0.342631,4.0,1.0,21.0,SACLR,14,Idle
3.35,0.460157,-1.181528,1.180358,0.717206,0.526397,0.456642,-0.085797,0.066636,0.178917,0.386566,-0.836002,0.171525,0.349637,4.0,1.0,21.0,SACLR,14,Idle
3.36,0.311998,-1.120818,1.20482,0.728658,0.519511,0.44628,-0.069723,0.077779,0.164804,0.387086,-0.832176,0.174993,0.356405,4.0,1.0,21.0,SACLR,14,Idle
3.37,0.144266,-1.16092,1.208694,0.739955,0.511618,0.436707,-0.05926,0.027627,0.126479,0.386874,-0.828601,0.178251,0.363283,4.0,1.0,21.0,SACLR,14,Idle
3.38,0.000455,-1.256002,1.191494,0.751304,0.502918,0.427335,-0.074623,-0.029056,0.077868,0.386019,-0.825171,0.180999,0.370569,4.0,1.0,21.0,SACLR,14,Idle
3.39,-0.121385,-1.266904,1.167627,0.762574,0.493738,0.417976,-0.115006,-0.057993,0.067513,0.384736,-0.82182,0.183303,0.378141,4.0,1.0,21.0,SACLR,14,Idle
3.4,-0.27437,-1.177014,1.179493,0.773391,0.483903,0.409517,-0.160324,-0.027527,0.117445,0.382815,-0.818773,0.185388,0.385609,4.0,1.0,21.0,SACLR,14,Idle
3.41,-0.362579,-1.156811,1.190054,0.783789,0.473314,0.402055,-0.189246,0.005629,0.103637,0.380248,-0.81603,0.18741,0.392918,4.0,1.0,21.0,SACLR,14,Idle
3.42,-0.286026,-1.329612,1.158768,0.794215,0.462697,0.393871,-0.20666,0.02737,-0.006954,0.377715,-0.813105,0.189199,0.400495,4.0,1.0,21.0,SACLR,14,Idle
3.43,-0.137748,-1.57207,1.121318,0.805107,0.452741,0.383181,-0.230782,0.000429,-0.060213,0.375945,-0.809462,0.190686,0.408748,4.0,1.0,21.0,SACLR,14,Idle
3.44,-0.126484,-1.747359,1.114265,0.816417,0.443209,0.370174,-0.294734,-0.018648,-0.068768,0.37473,-0.805171,0.191798,0.41772,4.0,1.0,21.0,SACLR,14,Idle
3.45,-0.123376,-1.85001,1.133335,0.82795,0.43343,0.355861,-0.379922,-0.043598,-0.097942,0.373562,-0.8005,0.19269,0.427224,4.0,1.0,21.0,SACLR,14,Idle
3.46,-0.115623,-1.910753,1.145797,0.839468,0.423472,0.340535,-0.451117,-0.072322,-0.112005,0.372465,-0.795506,0.193488,0.437038,4.0,1.0,21.0,SACLR,14,Idle
3.47,-0.12949,-1.950159,1.157834,0.850738,0.413274,0.324728,-0.514282,-0.062353,-0.159445,0.371279,-0.790348,0.1942,0.446976,4.0,1.0,21.0,SACLR,14,Idle
3.48,0.097019,-2.062646,1.122039,0.86177,0.403344,0.307678,-0.554488,-0.048822,-0.210114,0.370512,-0.784756,0.194928,0.457036,4.0,1.0,21.0,SACLR,14,Idle
3.49,0.404941,-2.184471,1.018571,0.872419,0.394781,0.288154,-0.57118,-0.023092,-0.124656,0.371114,-0.7783,0.195771,0.467116,4.0,1.0,21.0,SACLR,14,Idle
3.5,0.485338,-2.187737,0.877303,0.882242,0.387721,0.26706,-0.588541,0.115834,0.032637,0.372823,-0.771317,0.19647,0.476941,4.0,1.0,21.0,SACLR,14,Idle
3.51,0.385187,-2.110916,0.675645,0.890782,0.381919,0.246261,-0.584554,0.317711,0.144242,0.374733,-0.764543,0.196481,0.486255,4.0,1.0,21.0,SACLR,14,Idle
3.52,0.306955,-2.045912,0.458765,0.897839,0.377687,0.226356,-0.522916,0.401259,0.235695,0.376706,-0.758239,0.195579,0.494888,4.0,1.0,21.0,SACLR,14,Idle
3.53,0.188352,-2.063874,0.262779,0.903646,0.374963,0.206945,-0.426931,0.35575,0.228876,0.378743,-0.752298,0.193702,0.503072,4.0,1.0,21.0,SACLR,14,Idle
3.54,0.030835,-2.080781,0.088255,0.908394,0.373631,0.187668,-0.312554,0.243709,0.302811,0.380724,-0.746645,0.19067,0.511092,4.0,1.0,21.0,SACLR,14,Idle
3.55,-0.266683,-1.995259,0.013354,0.912199,0.373074,0.169439,-0.208586,0.14072,0.455256,0.382161,-0.741539,0.186653,0.518877,4.0,1.0,21.0,SACLR,14,Idle
3.56,-0.529121,-1.921831,0.064834,0.915493,0.372067,0.153095,-0.124524,0.098926,0.463345,0.382338,-0.73718,0.181969,0.526565,4.0,1.0,21.0,SACLR,14,Idle
3.57,-0.410216,-1.930488,0.047304,0.91853,0.37075,0.137283,-0.054928,0.06086,0.352341,0.382071,-0.732965,0.177213,0.53421,4.0,1.0,21.0,SACLR,14,Idle
3.58,-0.169813,-1.977567,-0.101078,0.920971,0.370596,0.120294,-0.005322,0.084131,0.310232,0.382822,-0.728249,0.172631,0.541571,4.0,1.0,21.0,SACLR,14,Idle
3.59,0.126793,-1.991431,-0.192801,0.922619,0.371961,0.102077,0.032322,0.215319,0.348774,0.384794,-0.723025,0.168147,0.548539,4.0,1.0,21.0,SACLR,14,Idle
3.6,0.514553,-2.002894,-0.234194,0.92365,0.374262,0.082456,0.070094,0.313131,0.361926,0.388196,-0.717083,0.164378,0.555046,4.0,1.0,21.0,SACLR,14,Idle
3.61,0.793392,-2.059846,-0.30685,0.924106,0.377212,0.061155,0.100491,0.380586,0.282839,0.393008,-0.710312,0.16135,0.561219,4.0,1.0,21.0,SACLR,14,Idle
3.62,0.649625,-2.132951,-0.399106,0.923802,0.380887,0.038926,0.116802,0.369983,0.288543,0.398323,-0.703199,0.15803,0.567341,4.0,1.0,21.0,SACLR,14,Idle
3.63,0.337104,-2.232408,-0.426133,0.922823,0.384859,0.016742,0.097532,0.245069,0.29327,0.403004,-0.696249,0.153651,0.573774,4.0,1.0,21.0,SACLR,14,Idle
3.64,-0.373864,-2.238873,-0.382383,0.921381,0.38864,-0.00399,0.039526,0.087312,0.364082,0.405898,-0.690064,0.147704,0.580725,4.0,1.0,21.0,SACLR,14,Idle
3.65,-1.141652,-2.164289,-0.264739,0.919824,0.391754,-0.021253,-0.045649,-0.02742,0.339841,0.405765,-0.685435,0.139831,0.588201,4.0,1.0,21.0,SACLR,14,Idle
3.66,-1.423519,-2.070146,-0.166756,0.918374,0.394108,-0.035601,-0.113443,-0.118275,0.221178,0.403348,-0.681955,0.13091,0.595912,4.0,1.0,21.0,SACLR,14,Idle
3.67,-1.190376,-1.954409,-0.057018,0.917082,0.395697,-0.048821,-0.136168,-0.120535,0.167809,0.400397,-0.678671,0.122455,0.603401,4.0,1.0,21.0,SACLR,14,Idle
3.68,-0.691725,-1.781042,0.030699,0.915989,0.396344,-0.062256,-0.104069,0.005801,0.107666,0.398354,-0.67488,0.115798,0.61028,4.0,1.0,21.0,SACLR,14,Idle
3.69,-0.191233,-1.617336,0.075437,0.915041,0.396118,-0.076093,-0.003191,0.212479,0.007398,0.397666,-0.670503,0.111261,0.616367,4.0,1.0,21.0,SACLR,14,Idle
3.7,0.048733,-1.480219,0.077138,0.914051,0.395461,-0.090118,0.123425,0.334062,-0.011902,0.39815,-0.665741,0.108304,0.62172,4.0,1.0,21.0,SACLR,14,Idle
3.71,-0.243148,-1.339928,0.125298,0.913057,0.39468,-0.102732,0.214643,0.295582,0.098154,0.398382,-0.661427,0.105583,0.626624,4.0,1.0,21.0,SACLR,14,Idle
3.72,-0.78148,-1.238415,0.26647,0.912427,0.393481,-0.112471,0.23746,0.135724,0.167448,0.396741,-0.658297,0.102026,0.631532,4.0,1.0,21.0,SACLR,14,Idle
3.73,-1.090552,-1.191284,0.39012,0.912319,0.391567,-0.119792,0.205601,-0.02116,0.172892,0.393148,-0.656173,0.097681,0.636656,4.0,1.0,21.0,SACLR,14,Idle
3.74,-1.074607,-1.110875,0.427887,0.912508,0.38916,-0.126031,0.140257,-0.022568,0.133508,0.388756,-0.65444,0.093236,0.641782,4.0,1.0,21.0,SACLR,14,Idle
3.75,-0.569075,-0.972943,0.388849,0.912758,0.3865,-0.132248,0.081825,0.135213,0.021622,0.385091,-0.652544,0.089789,0.646397,4.0,1.0,21.0,SACLR,14,Idle
3.76,0.249185,-0.774311,0.295496,0.91289,0.383567,-0.139672,0.081083,0.350121,-0.111213,0.383844,-0.649843,0.0887,0.65,4.0,1.0,21.0,SACLR,14,Idle
3.77,0.796041,-0.551921,0.231795,0.912917,0.380449,-0.147787,0.119431,0.53575,-0.126597,0.38509,-0.646527,0.090051,0.652379,4.0,1.0,21.0,SACLR,14,Idle
3.78,1.033875,-0.424449,0.230032,0.913055,0.376933,-0.155733,0.153321,0.512807,-0.096007,0.387565,-0.643042,0.092902,0.653957,4.0,1.0,21.0,SACLR,14,Idle
3.79,0.892356,-0.38572,0.236939,0.913276,0.373266,-0.163092,0.129799,0.29185,-0.038202,0.390178,-0.639702,0.096098,0.655215,4.0,1.0,21.0,SACLR,14,Idle
3.8,0.431198,-0.410773,0.256602,0.913534,0.369917,-0.169166,0.088404,0.078432,0.02729,0.391728,-0.636983,0.098332,0.656606,4.0,1.0,21.0,SACLR,14,Idle
3.81,-0.078893,-0.501041,0.287804,0.913755,0.367173,-0.173884,0.039202,-0.056733,0.083033,0.391585,-0.635049,0.098847,0.658485,4.0,1.0,21.0,SACLR,14,Idle
3.82,-0.19854,-0.58884,0.302406,0.91386,0.364799,-0.178273,-0.004268,-0.113075,0.082966,0.390352,-0.633428,0.098143,0.660879,4.0,1.0,21.0,SACLR,14,Idle
3.83,-0.032171,-0.594367,0.273837,0.913825,0.362397,-0.18328,-0.017097,-0.055344,0.059623,0.389317,-0.63155,0.097492,0.66338,4.0,1.0,21.0,SACLR,14,Idle
3.84,0.153006,-0.521641,0.283386,0.913767,0.359811,-0.188587,-0.007258,0.081122,0.049457,0.388848,-0.629455,0.097433,0.665651,4.0,1.0,21.0,SACLR,14,Idle
3.85,0.430193,-0.424509,0.301018,0.913899,0.356585,-0.193998,0.021022,0.12599,0.012677,0.389023,-0.627152,0.098392,0.667578,4.0,1.0,21.0,SACLR,14,Idle
3.86,0.39115,-0.325987,0.295049,0.914246,0.352992,-0.198873,0.060302,0.079869,0.021139,0.389604,-0.624933,0.100111,0.669063,4.0,1.0,21.0,SACLR,14,Idle
3.87,0.015742,-0.367628,0.308537,0.914642,0.349805,-0.202646,0.135849,0.008105,-0.011985,0.389372,-0.623267,0.101073,0.670606,4.0,1.0,21.0,SACLR,14,Idle
3.88,-0.225046,-0.395748,0.251677,0.914846,0.347468,-0.205725,0.204676,-0.089564,-0.110407,0.388242,-0.622074,0.100804,0.672406,4.0,1.0,21.0,SACLR,14,Idle
3.89,-0.457792,-0.439052,0.156639,0.914674,0.346399,-0.208275,0.22946,-0.159646,-0.023903,0.386741,-0.621262,0.099476,0.674217,4.0,1.0,21.0,SACLR,14,Idle
3.9,-0.603782,-0.555347,0.165496,0.914162,0.346182,-0.210869,0.237877,-0.137122,-0.031715,0.384753,-0.620591,0.09712,0.676313,4.0,1.0,21.0,SACLR,14,Idle
3.91,-0.549247,-0.601831,0.199536,0.913538,0.345799,-0.214174,0.214193,-0.119191,-0.112944,0.382617,-0.619652,0.094572,0.678742,4.0,1.0,21.0,SACLR,14,Idle
3.92,-0.439641,-0.563838,0.232467,0.913009,0.344902,-0.217845,0.145523,-0.111962,-0.11884,0.380618,-0.618495,0.092422,0.681214,4.0,1.0,21.0,SACLR,14,Idle
3.93,-0.364416,-0.500503,0.202493,0.912635,0.343722,-0.221252,0.079873,-0.105929,-0.031846,0.378905,-0.617356,0.090806,0.683416,4.0,1.0,21.0,SACLR,14,Idle
3.94,-0.531521,-0.507313,0.175924,0.912181,0.342974,-0.224264,0.073872,-0.056704,-0.013041,0.377099,-0.616409,0.088927,0.685513,4.0,1.0,21.0,SACLR,14,Idle
3.95,-0.493244,-0.486018,0.201128,0.911686,0.342543,-0.226919,0.117687,0.001451,-0.045237,0.375015,-0.615651,0.086686,0.687621,4.0,1.0,21.0,SACLR,14,Idle
3.96,-0.328807,-0.454444,0.273904,0.911409,0.341326,-0.229846,0.146955,-0.033252,0.048724,0.373195,-0.614675,0.085157,0.689673,4.0,1.0,21.0,SACLR,14,Idle
3.97,-0.330516,-0.464084,0.349665,0.911425,0.339219,-0.232882,0.17413,0.021942,-0.007886,0.371284,-0.61358,0.084132,0.691802,4.0,1.0,21.0,SACLR,14,Idle
3.98,-0.24382,-0.460737,0.337322,0.911511,0.336731,-0.236135,0.188159,0.064942,-0.098811,0.369367,-0.612365,0.083318,0.693999,4.0,1.0,21.0,SACLR,14,Idle
3.99,-0.073414,-0.441267,0.262315,0.911464,0.334332,-0.239697,0.193028,0.095417,-0.165989,0.367986,-0.610973,0.082848,0.696013,4.0,1.0,21.0,SACLR,14,Idle
69.5,0.598038,0.196095,-0.087301,0.141392,-0.051089,-0.988634,-0.152943,0.026812,0.01372,0.926883,0.049956,0.056455,-0.367701,4.0,1.0,21.0,SACLR,14,Idle
69.51,0.677378,0.130142,-0.102088,0.143037,-0.05729,-0.988058,-0.160539,0.074746,0.005789,0.926511,0.053194,0.056049,-0.368247,4.0,1.0,21.0,SACLR,14,Idle
69.52,0.695497,0.108247,-0.163612,0.144298,-0.063919,-0.987468,-0.174282,0.036423,-0.000524,0.926043,0.056575,0.055366,-0.369023,4.0,1.0,21.0,SACLR,14,Idle
69.53,0.63564,0.08442,-0.142766,0.145387,-0.070231,-0.986879,-0.180283,0.029933,0.003145,0.925532,0.059783,0.054649,-0.369906,4.0,1.0,21.0,SACLR,14,Idle
69.54,0.654801,0.075458,-0.110604,0.14629,-0.076363,-0.98629,-0.16599,0.075676,0.008598,0.92508,0.062862,0.053883,-0.370638,4.0,1.0,21.0,SACLR,14,Idle
69.55,0.728807,0.077655,-0.089468,0.147146,-0.083001,-0.985626,-0.171712,0.128503,0.00528,0.924645,0.066165,0.053001,-0.371274,4.0,1.0,21.0,SACLR,14,Idle
69.56,0.763891,0.078773,-0.059312,0.148019,-0.090303,-0.984853,-0.169869,0.163729,0.002981,0.924226,0.069775,0.052008,-0.371796,4.0,1.0,21.0,SACLR,14,Idle
69.57,0.667952,0.04993,-0.052089,0.148766,-0.09736,-0.984068,-0.159416,0.138284,-0.000414,0.923851,0.073242,0.051006,-0.372202,4.0,1.0,21.0,SACLR,14,Idle
69.58,0.483157,0.020179,-0.050478,0.149182,-0.102944,-0.983437,-0.155667,0.08654,0.00547,0.923518,0.075957,0.050123,-0.372602,4.0,1.0,21.0,SACLR,14,Idle
69.59,0.283431,-0.000183,0.046715,0.149342,-0.106689,-0.983013,-0.141591,0.021087,0.012722,0.923358,0.077747,0.049486,-0.372714,4.0,1.0,21.0,SACLR,14,Idle
69.6,0.130333,-0.012391,0.138017,0.149166,-0.108766,-0.982812,-0.130367,0.021913,0.032983,0.923456,0.078666,0.049047,-0.372337,4.0,1.0,21.0,SACLR,14,Idle
69.61,0.061283,-0.002405,0.239329,0.14886,-0.109907,-0.982732,-0.122691,0.055326,0.056645,0.923776,0.079097,0.048763,-0.371488,4.0,1.0,21.0,SACLR,14,Idle
69.62,0.057069,0.011825,0.302171,0.14861,-0.11083,-0.982666,-0.110524,0.065206,0.073028,0.924262,0.079416,0.048582,-0.370233,4.0,1.0,21.0,SACLR,14,Idle
69.63,0.106819,0.019908,0.289428,0.148476,-0.112042,-0.982548,-0.104729,0.068508,0.079564,0.924781,0.079887,0.048413,-0.368856,4.0,1.0,21.0,SACLR,14,Idle
69.64,0.200596,0.042543,0.26085,0.14849,-0.113923,-0.98233,-0.097251,0.049134,0.084823,0.925213,0.080709,0.048178,-0.367621,4.0,1.0,21.0,SACLR,14,Idle
69.65,0.278095,0.065,0.269002,0.148752,-0.116675,-0.981967,-0.075373,0.018714,0.084979,0.925587,0.08199,0.047897,-0.366432,4.0,1.0,21.0,SACLR,14,Idle
69.66,0.304091,0.07899,0.25792,0.149161,-0.119932,-0.981513,-0.044287,-0.009722,0.080283,0.925932,0.083537,0.047594,-0.365247,4.0,1.0,21.0,SACLR,14,Idle
69.67,0.299157,0.098592,0.249473,0.149766,-0.123273,-0.981007,-0.030824,-0.045184,0.071247,0.926242,0.085165,0.047367,-0.364113,4.0,1.0,21.0,SACLR,14,Idle
69.68,0.287135,0.108549,0.237478,0.150542,-0.126481,-0.980479,-0.024504,-0.067214,0.065227,0.926538,0.086765,0.047246,-0.362996,4.0,1.0,21.0,SACLR,14,Idle
69.69,0.295205,0.119471,0.19276,0.151396,-0.129616,-0.979938,-0.033812,-0.065666,0.064304,0.926773,0.088353,0.047166,-0.362022,4.0,1.0,21.0,SACLR,14,Idle
69.7,0.259328,0.116595,0.18025,0.152347,-0.132651,-0.979385,-0.047977,-0.064828,0.064757,0.926952,0.08992,0.04714,-0.361183,4.0,1.0,21.0,SACLR,14,Idle
69.71,0.142657,0.103802,0.20582,0.153204,-0.134904,-0.978943,-0.044317,-0.069426,0.057755,0.927181,0.091098,0.047219,-0.360287,4.0,1.0,21.0,SACLR,14,Idle
69.72,0.018504,0.098025,0.17439,0.153954,-0.135926,-0.978684,-0.031899,-0.062698,0.059037,0.927476,0.091672,0.047478,-0.359348,4.0,1.0,21.0,SACLR,14,Idle
69.73,-0.08062,0.104653,0.117515,0.154771,-0.135765,-0.978577,-0.041612,-0.049034,0.054551,0.927721,0.091712,0.047961,-0.358639,4.0,1.0,21.0,SACLR,14,Idle
69.74,-0.139213,0.1088,0.105288,0.155656,-0.134771,-0.978575,-0.06572,-0.046717,0.054472,0.927937,0.091377,0.048611,-0.358078,4.0,1.0,21.0,SACLR,14,Idle
69.75,1.217358,0.320946,-0.151797,0.159445,-0.140387,-0.977174,-0.064734,-0.033289,0.108583,0.927651,0.094724,0.049401,-0.357841,4.0,1.0,21.0,SACLR,14,Idle
69.76,0.405043,0.423103,0.309255,0.163923,-0.146438,-0.975544,0.019,0.156264,0.133609,0.927294,0.09841,0.050434,-0.357629,4.0,1.0,21.0,SACLR,14,Idle
69.77,0.48195,0.328407,0.409936,0.166823,-0.151157,-0.974331,-0.172789,0.174473,0.085598,0.927776,0.101072,0.051174,-0.355524,4.0,1.0,21.0,SACLR,14,Idle
69.78,0.273,0.366178,0.203906,0.169734,-0.155685,-0.973115,-0.062404,-0.031448,-0.001998,0.928014,0.10368,0.051896,-0.354044,4.0,1.0,21.0,SACLR,14,Idle
69.79,-0.109008,0.395256,0.240471,0.173002,-0.156565,-0.972398,-0.009825,0.057276,0.008103,0.928262,0.104636,0.053408,-0.352885,4.0,1.0,21.0,SACLR,14,Idle
69.8,0.013126,0.401451,0.536786,0.176379,-0.156512,-0.971799,-0.046268,0.099826,0.017255,0.928889,0.105111,0.055245,-0.350807,4.0,1.0,21.0,SACLR,14,Idle
69.81,0.031846,0.344415,0.467198,0.179243,-0.157763,-0.971073,-0.133345,-0.06291,-0.012203,0.929687,0.106072,0.056676,-0.348166,4.0,1.0,21.0,SACLR,14,Idle
69.82,0.023196,0.322398,0.258388,0.181927,-0.158505,-0.970453,-0.085476,0.014813,0.019189,0.93021,0.106801,0.058026,-0.346316,4.0,1.0,21.0,SACLR,14,Idle
69.83,0.149043,0.311133,0.119446,0.184792,-0.159589,-0.969734,-0.077232,0.072461,0.040534,0.930382,0.107778,0.059305,-0.345334,4.0,1.0,21.0,SACLR,14,Idle
69.84,0.182521,0.283543,0.121242,0.187558,-0.161352,-0.96891,-0.095609,0.047384,0.049065,0.930395,0.109082,0.060381,-0.344703,4.0,1.0,21.0,SACLR,14,Idle
69.85,0.158911,0.261057,0.154625,0.190073,-0.163079,-0.968131,-0.094385,-0.007759,0.05947,0.930456,0.110317,0.061358,-0.343973,4.0,1.0,21.0,SACLR,14,Idle
69.86,0.143774,0.263193,0.168526,0.192419,-0.164693,-0.967394,-0.080435,-0.025706,0.071047,0.930568,0.111459,0.062289,-0.343134,4.0,1.0,21.0,SACLR,14,Idle
69.87,0.13564,0.276517,0.187601,0.194841,-0.16626,-0.966641,-0.080843,0.011551,0.075604,0.930701,0.112587,0.063276,-0.342223,4.0,1.0,21.0,SACLR,14,Idle
69.88,0.098878,0.277544,0.240579,0.197276,-0.16771,-0.965896,-0.088542,0.043534,0.068512,0.930904,0.113647,0.064314,-0.341124,4.0,1.0,21.0,SACLR,14,Idle
69.89,-0.031421,0.231564,0.265543,0.19941,-0.168486,-0.965323,-0.104058,0.030333,0.051398,0.931231,0.114312,0.065355,-0.33981,4.0,1.0,21.0,SACLR,14,Idle
69.9,-0.237976,0.177819,0.278927,0.201,-0.167627,-0.965143,-0.112575,0.011758,0.031579,0.9317,0.114085,0.066432,-0.338386,4.0,1.0,21.0,SACLR,14,Idle
69.91,-0.375722,0.125405,0.280977,0.20201,-0.165067,-0.965373,-0.101302,0.001722,0.014643,0.932305,0.112929,0.067532,-0.336888,4.0,1.0,21.0,SACLR,14,Idle
69.92,-0.408865,0.108453,0.259599,0.202689,-0.161732,-0.965795,-0.086921,0.026585,-0.00648,0.932944,0.111342,0.068597,-0.335429,4.0,1.0,21.0,SACLR,14,Idle
69.93,-0.3954,0.103873,0.242152,0.203346,-0.158263,-0.966232,-0.087058,0.06787,-0.020463,0.933549,0.109691,0.069657,-0.334069,4.0,1.0,21.0,SACLR,14,Idle
69.94,-0.327713,0.113552,0.24984,0.204058,-0.155208,-0.966577,-0.085681,0.076686,-0.030143,0.934118,0.108249,0.070667,-0.332734,4.0,1.0,21.0,SACLR,14,Idle
69.95,-0.253483,0.110799,0.241239,0.204773,-0.152839,-0.966803,-0.085922,0.0718,-0.035013,0.934648,0.107136,0.071557,-0.331413,4.0,1.0,21.0,SACLR,14,Idle
69.96,-0.200526,0.104295,0.232949,0.205473,-0.151099,-0.966928,-0.087446,0.05828,-0.038229,0.935119,0.106327,0.072322,-0.330175,4.0,1.0,21.0,SACLR,14,Idle
69.97,-0.210335,0.095193,0.253909,0.206075,-0.149566,-0.967038,-0.083577,0.044921,-0.033847,0.935592,0.105597,0.073007,-0.328917,4.0,1.0,21.0,SACLR,14,Idle
69.98,-0.211768,0.074789,0.244708,0.206546,-0.148025,-0.967175,-0.073642,0.028853,-0.032917,0.936088,0.104836,0.073634,-0.327608,4.0,1.0,21.0,SACLR,14,Idle
69.99,-0.238273,0.049363,0.197758,0.206839,-0.146216,-0.967387,-0.06713,0.017843,-0.031972,0.936549,0.103925,0.074202,-0.32645,4.0,1.0,21.0,SACLR,14,Idle
70.0,-0.244033,0.026079,0.152047,0.206966,-0.144199,-0.967663,-0.056972,0.010471,-0.031406,0.936946,0.102903,0.074696,-0.325521,4.0,1.0,21.0,SACLR,14,Idle
70.01,-0.259398,0.005008,0.112214,0.206943,-0.141975,-0.967997,-0.043125,0.003745,-0.037252,0.937283,0.101772,0.075127,-0.324806,4.0,1.0,21.0,SACLR,14,Idle
70.02,-0.272361,-0.007522,0.087186,0.206821,-0.139544,-0.968376,-0.027683,-0.005842,-0.039894,0.937575,0.100537,0.075525,-0.324256,4.0,1.0,21.0,SACLR,14,Idle
70.03,-0.294388,-0.023554,0.06586,0.206589,-0.136871,-0.968807,-0.015442,-0.013123,-0.030521,0.937844,0.099176,0.075898,-0.32381,4.0,1.0,21.0,SACLR,14,Idle
70.04,-0.313083,-0.026667,0.064186,0.206292,-0.133955,-0.969278,-0.001855,-0.016939,-0.021689,0.93811,0.09769,0.076273,-0.323402,4.0,1.0,21.0,SACLR,14,Idle
70.05,-0.316875,-0.023371,0.051599,0.205982,-0.13091,-0.96976,0.010144,-0.006023,-0.011273,0.938368,0.096143,0.076659,-0.323026,4.0,1.0,21.0,SACLR,14,Idle
70.06,-0.313583,-0.023706,0.016409,0.205712,-0.127831,-0.970228,0.013649,0.016259,0.003263,0.938583,0.094596,0.077056,-0.322762,4.0,1.0,21.0,SACLR,14,Idle
70.07,-0.305211,-0.025831,-0.025503,0.20546,-0.124765,-0.97068,0.001739,0.033151,0.014107,0.938733,0.093073,0.077442,-0.322676,4.0,1.0,21.0,SACLR,14,Idle
70.08,-0.283472,-0.024733,-0.035448,0.20528,-0.12176,-0.9711,-0.016315,0.037821,0.022903,0.938828,0.091604,0.077838,-0.322726,4.0,1.0,21.0,SACLR,14,Idle
70.09,-0.248189,-0.011329,-0.042071,0.205135,-0.119035,-0.971468,-0.025096,0.034913,0.030321,0.938893,0.090279,0.078202,-0.32282,4.0,1.0,21.0,SACLR,14,Idle
70.1,-0.206341,-0.003521,-0.05829,0.205123,-0.116706,-0.971753,-0.027832,0.039725,0.037457,0.938921,0.089172,0.078561,-0.32296,4.0,1.0,21.0,SACLR,14,Idle
70.11,-0.188263,0.014322,-0.068,0.205248,-0.114629,-0.971974,-0.030611,0.033315,0.034627,0.938902,0.088216,0.078937,-0.323186,4.0,1.0,21.0,SACLR,14,Idle
70.12,-0.183223,0.018835,-0.053949,0.205495,-0.112684,-0.972149,-0.026799,0.024046,0.03024,0.938881,0.087342,0.079352,-0.323384,4.0,1.0,21.0,SACLR,14,Idle
70.13,-0.206685,0.017822,-0.080376,0.205776,-0.110635,-0.972325,-0.016979,0.026711,0.026829,0.938847,0.086427,0.079799,-0.323617,4.0,1.0,21.0,SACLR,14,Idle
70.14,-0.29544,0.001416,-0.111345,0.205968,-0.107953,-0.972586,-0.01151,0.010709,0.02439,0.938797,0.085204,0.080295,-0.323964,4.0,1.0,21.0,SACLR,14,Idle
70.15,-0.354525,-0.012393,-0.137681,0.206048,-0.104459,-0.97295,-0.003396,-0.010898,0.035481,0.938739,0.083583,0.080862,-0.324415,4.0,1.0,21.0,SACLR,14,Idle
70.16,-0.365055,-0.020835,-0.136803,0.206023,-0.100621,-0.97336,0.009889,-0.004542,0.052156,0.938669,0.081786,0.081431,-0.32493,4.0,1.0,21.0,SACLR,14,Idle
70.17,-0.324796,-0.00059,-0.122851,0.206094,-0.096919,-0.973721,0.024908,0.011943,0.060268,0.9386,0.080068,0.082029,-0.325407,4.0,1.0,21.0,SACLR,14,Idle
70.18,-0.266944,0.034532,-0.110793,0.206356,-0.093771,-0.973973,0.034779,0.025518,0.072438,0.938521,0.078645,0.082633,-0.325829,4.0,1.0,21.0,SACLR,14,Idle
70.19,-0.22277,0.04691,-0.08333,0.206861,-0.091191,-0.974111,0.032808,0.027897,0.076101,0.93844,0.077528,0.08327,-0.326168,4.0,1.0,21.0,SACLR,14,Idle
70.2,-0.216886,0.051127,-0.057304,0.207448,-0.088942,-0.974194,0.023539,0.003172,0.07005,0.938388,0.076573,0.083901,-0.326383,4.0,1.0,21.0,SACLR,14,Idle
70.21,-0.273004,0.041572,-0.019991,0.207945,-0.086495,-0.974309,0.015962,-0.036918,0.059285,0.938398,0.075494,0.084536,-0.326441,4.0,1.0,21.0,SACLR,14,Idle
70.22,-0.364908,0.013953,-0.012814,0.20822,-0.083356,-0.974524,0.020143,-0.061389,0.055075,0.938477,0.074036,0.085187,-0.326377,4.0,1.0,21.0,SACLR,14,Idle
70.23,-0.451152,0.003515,0.01789,0.208289,-0.079365,-0.974842,0.032236,-0.073543,0.047138,0.938625,0.072126,0.085888,-0.326197,4.0,1.0,21.0,SACLR,14,Idle
70.24,-0.5261,-0.001177,0.044916,0.20828,-0.074683,-0.975214,0.046953,-0.07403,0.040308,0.938849,0.069856,0.086679,-0.325836,4.0,1.0,21.0,SACLR,14,Idle
70.25,-0.568266,0.005757,0.072567,0.208237,-0.069418,-0.975612,0.062637,-0.059564,0.037959,0.939133,0.067289,0.087557,-0.325323,4.0,1.0,21.0,SACLR,14,Idle
70.26,-0.54357,0.029517,0.076043,0.208375,-0.064088,-0.975947,0.067778,-0.044082,0.03419,0.939428,0.064714,0.088536,-0.324728,4.0,1.0,21.0,SACLR,14,Idle
70.27,-0.476754,0.062588,0.071078,0.208775,-0.059216,-0.976169,0.067088,-0.023823,0.031254,0.939692,0.062401,0.089563,-0.324134,4.0,1.0,21.0,SACLR,14,Idle
70.28,-0.408398,0.110741,0.07487,0.209582,-0.055019,-0.976242,0.070127,-0.012471,0.028198,0.939909,0.060481,0.09067,-0.323562,4.0,1.0,21.0,SACLR,14,Idle
70.29,-0.375504,0.161455,0.093223,0.210883,-0.05138,-0.97616,0.071908,-0.013745,0.02862,0.940097,0.058906,0.091924,-0.32295,4.0,1.0,21.0,SACLR,14,Idle
70.3,-0.379574,0.188193,0.118062,0.212551,-0.047915,-0.975974,0.074222,-0.023603,0.018119,0.940297,0.057462,0.093332,-0.322225,4.0,1.0,21.0,SACLR,14,Idle
70.31,-0.377994,0.219665,0.12632,0.214514,-0.044458,-0.975709,0.08314,-0.039907,0.001801,0.94051,0.05606,0.094884,-0.321396,4.0,1.0,21.0,SACLR,14,Idle
70.32,-0.347986,0.246898,0.105104,0.21674,-0.041135,-0.975362,0.098689,-0.036776,-0.016673,0.94069,0.054766,0.096538,-0.320599,4.0,1.0,21.0,SACLR,14,Idle
70.33,-0.29757,0.273445,0.069104,0.219289,-0.038177,-0.974913,0.110926,-0.019639,-0.030001,0.940791,0.053713,0.098278,-0.319952,4.0,1.0,21.0,SACLR,14,Idle
70.34,-0.28122,0.286125,0.029403,0.222033,-0.035483,-0.974393,0.114804,-0.014444,-0.044924,0.940804,0.052838,0.100057,-0.319506,4.0,1.0,21.0,SACLR,14,Idle
70.35,-0.293893,0.297981,-0.006856,0.224881,-0.032727,-0.973837,0.115924,-0.038944,-0.056635,0.940749,0.051968,0.101887,-0.319233,4.0,1.0,21.0,SACLR,14,Idle
70.36,-0.332153,0.298426,-0.047876,0.22782,-0.029611,-0.973253,0.115029,-0.062644,-0.064604,0.940633,0.050959,0.103811,-0.319118,4.0,1.0,21.0,SACLR,14,Idle
70.37,-0.374262,0.285262,-0.093492,0.230694,-0.025976,-0.972679,0.11008,-0.058634,-0.063102,0.940451,0.049713,0.105777,-0.319203,4.0,1.0,21.0,SACLR,14,Idle
70.38,-0.38079,0.265838,-0.132922,0.233411,-0.021996,-0.972129,0.102344,-0.055351,-0.058983,0.94021,0.048299,0.107715,-0.319483,4.0,1.0,21.0,SACLR,14,Idle
70.39,-0.388293,0.262716,-0.176998,0.236056,-0.017872,-0.971575,0.093976,-0.045086,-0.050077,0.939908,0.046826,0.109635,-0.319938,4.0,1.0,21.0,SACLR,14,Idle
70.4,-0.381524,0.253993,-0.216894,0.238623,-0.013624,-0.971017,0.085489,-0.032229,-0.039497,0.939538,0.045306,0.11153,-0.320589,4.0,1.0,21.0,SACLR,14,Idle
70.41,-0.375404,0.246022,-0.247666,0.241105,-0.009354,-0.970454,0.075911,-0.020889,-0.032323,0.939103,0.043787,0.113383,-0.321422,4.0,1.0,21.0,SACLR,14,Idle
70.42,-0.359058,0.256583,-0.252316,0.243588,-0.00511,-0.969865,0.069446,-0.006166,-0.021513,0.938628,0.042296,0.115232,-0.322351,4.0,1.0,21.0,SACLR,14,Idle
70.43,-0.37624,0.244802,-0.250707,0.246067,-0.000922,-0.969252,0.066158,-0.001947,-0.0123,0.938144,0.040835,0.117074,-0.323282,4.0,1.0,21.0,SACLR,14,Idle
70.44,-0.187942,0.494508,-0.184362,0.249063,0.003066,-0.968482,0.063818,-0.024444,-0.000451,0.937665,0.039543,0.119143,-0.324077,4.0,1.0,21.0,SACLR,14,Idle
70.45,-0.278338,0.503051,-0.389673,0.252841,0.00352,-0.967501,0.122708,-0.169261,0.133487,0.936978,0.040128,0.120992,-0.325305,4.0,1.0,21.0,SACLR,14,Idle
70.46,-0.063126,0.453648,0.146604,0.257413,0.005763,-0.966284,0.008715,0.137624,0.104605,0.93648,0.039907,0.123553,-0.325803,4.0,1.0,21.0,SACLR,14,Idle
70.47,0.054707,0.370337,0.120841,0.261407,0.005142,-0.965215,-0.013665,-0.092789,-0.002116,0.936501,0.04077,0.125421,-0.324921,4.0,1.0,21.0,SACLR,14,Idle
70.48,-0.241911,0.364399,-0.061378,0.265066,0.005849,-0.964212,0.066812,-0.073552,-0.011373,0.936289,0.041038,0.127317,-0.324761,4.0,1.0,21.0,SACLR,14,Idle
70.49,-0.528297,0.352415,-0.023859,0.268484,0.009975,-0.963233,0.143549,-0.094035,-0.017572,0.936054,0.039647,0.129661,-0.324682,4.0,1.0,21.0,SACLR,14,Idle
70.5,-0.384397,0.360104,0.086495,0.271933,0.014532,-0.962206,0.067697,-0.060827,-0.024763,0.935941,0.038001,0.132109,-0.32422,4.0,1.0,21.0,SACLR,14,Idle
70.51,-0.19012,0.362424,0.102687,0.275484,0.016971,-0.961156,0.052427,-0.019153,-0.010509,0.935923,0.037338,0.134268,-0.323461,4.0,1.0,21.0,SACLR,14,Idle
70.52,-0.017972,0.359409,0.005172,0.279008,0.017877,-0.960122,0.024978,0.042868,0.013696,0.935781,0.037452,0.136147,-0.323072,4.0,1.0,21.0,SACLR,14,Idle
70.53,0.1858,0.379065,-0.050706,0.282564,0.017156,-0.959095,0.024321,0.061274,0.024509,0.935468,0.038421,0.137755,-0.323183,4.0,1.0,21.0,SACLR,14,Idle
70.54,0.275322,0.372758,-0.063851,0.286211,0.015034,-0.958049,0.034361,0.042888,0.022105,0.93506,0.040115,0.139163,-0.323554,4.0,1.0,21.0,SACLR,14,Idle
70.55,0.228354,0.353727,-0.043825,0.289699,0.012787,-0.957032,0.049564,0.016082,0.018067,0.934672,0.041838,0.140476,-0.323889,4.0,1.0,21.0,SACLR,14,Idle
70.56,0.166618,0.339851,-0.04315,0.293066,0.011001,-0.956029,0.065668,-0.031448,0.012944,0.934314,0.043311,0.141809,-0.324149,4.0,1.0,21.0,SACLR,14,Idle
70.57,0.025559,0.311114,-0.022818,0.296217,0.01018,-0.955067,0.074557,-0.055117,0.007282,0.934008,0.04427,0.143202,-0.324287,4.0,1.0,21.0,SACLR,14,Idle
70.58,-0.104864,0.292256,0.031256,0.299112,0.010592,-0.954159,0.086981,-0.059924,0.002743,0.933796,0.044562,0.144688,-0.324198,4.0,1.0,21.0,SACLR,14,Idle
70.59,-0.218743,0.248839,0.080262,0.301676,0.012272,-0.953332,0.132437,-0.072498,0.015298,0.933868,0.044072,0.14626,-0.323352,4.0,1.0,21.0,SACLR,14,Idle
70.6,0.014813,0.260988,-0.192,0.304243,0.013321,-0.952501,0.049791,-0.010834,-0.030394,0.933556,0.044057,0.147677,-0.323612,4.0,1.0,21.0,SACLR,14,Idle
70.61,-0.087083,0.194147,-0.005174,0.306516,0.014019,-0.951762,-0.000608,0.064579,-0.043675,0.933194,0.044193,0.148882,-0.324084,4.0,1.0,21.0,SACLR,14,Idle
70.62,-0.063864,0.17594,0.0319,0.308385,0.014696,-0.951148,0.073985,0.026991,-0.037667,0.933104,0.04416,0.149919,-0.323869,4.0,1.0,21.0,SACLR,14,Idle
70.63,-0.122732,0.129526,-0.00583,0.309912,0.015552,-0.950638,0.047144,0.02525,-0.048584,0.933017,0.043994,0.150816,-0.323725,4.0,1.0,21.0,SACLR,14,Idle
70.64,-0.151606,0.090476,0.016756,0.311013,0.016899,-0.950255,0.044227,0.053017,-0.037934,0.932965,0.043518,0.151587,-0.323579,4.0,1.0,21.0,SACLR,14,Idle
70.65,-0.179338,0.059954,0.034728,0.31179,0.018424,-0.949973,0.037194,0.05256,-0.026743,0.932979,0.042882,0.152233,-0.32332,4.0,1.0,21.0,SACLR,14,Idle
70.66,-0.237255,0.03111,0.072125,0.312279,0.020237,-0.949775,0.026619,0.045543,-0.01011,0.933073,0.042031,0.152794,-0.322897,4.0,1.0,21.0,SACLR,14,Idle
70.67,-0.281016,0.01993,0.092715,0.312553,0.022477,-0.949634,0.021142,0.025817,0.005421,0.933241,0.04091,0.153327,-0.322301,4.0,1.0,21.0,SACLR,14,Idle
70.68,-0.289904,0.033793,0.123018,0.312883,0.024913,-0.949465,0.013762,0.011891,0.023531,0.933447,0.039683,0.153925,-0.321574,4.0,1.0,21.0,SACLR,14,Idle
70.69,-0.266302,0.042269,0.153297,0.313314,0.02718,-0.94926,0.019114,0.01147,0.043377,0.933699,0.038525,0.15455,-0.320682,4.0,1.0,21.0,SACLR,14,Idle
70.7,-0.205055,0.070743,0.172202,0.313922,0.028943,-0.949008,0.016263,0.018039,0.054141,0.933954,0.037631,0.155178,-0.319742,4.0,1.0,21.0,SACLR,14,Idle
70.71,-0.163448,0.095773,0.210045,0.314805,0.030085,-0.94868,0.019485,0.006704,0.058863,0.934225,0.037061,0.155842,-0.31869,4.0,1.0,21.0,SACLR,14,Idle
70.72,-0.142037,0.115325,0.224304,0.315924,0.03088,-0.948282,0.033609,-0.004223,0.057291,0.934514,0.036677,0.156569,-0.317529,4.0,1.0,21.0,SACLR,14,Idle
70.73,-0.121677,0.123236,0.221463,0.31719,0.031441,-0.947841,0.042994,-0.014931,0.051448,0.934795,0.036426,0.15733,-0.316353,4.0,1.0,21.0,SACLR,14,Idle
70.74,-0.092953,0.128058,0.204967,0.318486,0.031827,-0.947393,0.049327,-0.011258,0.040975,0.935052,0.036274,0.158075,-0.315238,4.0,1.0,21.0,SACLR,14,Idle
70.75,-0.053786,0.129059,0.187613,0.319807,0.031937,-0.946944,0.055757,-0.001649,0.025207,0.935272,0.036273,0.158783,-0.314227,4.0,1.0,21.0,SACLR,14,Idle
70.76,-0.019125,0.135285,0.167692,0.321151,0.03175,-0.946496,0.062424,0.005619,0.014916,0.935447,0.03644,0.15945,-0.313346,4.0,1.0,21.0,SACLR,14,Idle
70.77,0.012078,0.13225,0.152138,0.322563,0.031286,-0.946031,0.063683,-0.001821,-0.000197,0.935587,0.036767,0.160102,-0.312557,4.0,1.0,21.0,SACLR,14,Idle
70.78,0.010339,0.120069,0.118814,0.323892,0.030784,-0.945593,0.06655,-0.007926,-0.009653,0.935686,0.03712,0.160703,-0.31191,4.0,1.0,21.0,SACLR,14,Idle
70.79,-0.018537,0.106669,0.07754,0.325135,0.03052,-0.945175,0.068236,-0.016009,-0.020722,0.935737,0.037372,0.161295,-0.311421,4.0,1.0,21.0,SACLR,14,Idle
70.8,-0.051237,0.094578,0.046632,0.326326,0.030642,-0.944761,0.066176,-0.025836,-0.029834,0.935744,0.037452,0.161917,-0.311068,4.0,1.0,21.0,SACLR,14,Idle
70.81,-0.081561,0.080608,0.025246,0.327418,0.031087,-0.944368,0.060094,-0.029744,-0.03485,0.935723,0.037379,0.162539,-0.310815,4.0,1.0,21.0,SACLR,14,Idle
70.82,-0.091496,0.054481,0.015396,0.328301,0.031833,-0.944037,0.053291,-0.018436,-0.038935,0.935702,0.037133,0.163104,-0.310611,4.0,1.0,21.0,SACLR,14,Idle
70.83,-0.053421,0.053104,-0.003113,0.329011,0.032466,-0.943768,0.055968,0.002659,-0.034076,0.935666,0.036929,0.163561,-0.310504,4.0,1.0,21.0,SACLR,14,Idle
70.84,-0.026439,0.045976,-0.023637,0.329675,0.032898,-0.943521,0.051352,0.024582,-0.026984,0.935593,0.036837,0.163959,-0.310525,4.0,1.0,21.0,SACLR,14,Idle
70.85,-0.009678,0.054833,-0.023444,0.330369,0.033125,-0.94327,0.042998,0.028643,-0.014142,0.935494,0.036861,0.164335,-0.310622,4.0,1.0,21.0,SACLR,14,Idle
70.86,-0.033213,0.067942,0.002857,0.331169,0.033299,-0.942984,0.033821,0.015224,-0.004312,0.935416,0.036913,0.164759,-0.310627,4.0,1.0,21.0,SACLR,14,Idle
70.87,-0.054001,0.068195,0.029409,0.332111,0.033517,-0.942645,0.020962,-0.000451,0.001254,0.935374,0.036941,0.165267,-0.310479,4.0,1.0,21.0,SACLR,14,Idle
70.88,-0.073894,0.063343,0.055253,0.332955,0.033813,-0.942336,0.010689,-0.007156,0.007171,0.935389,0.036888,0.165744,-0.310186,4.0,1.0,21.0,SACLR,14,Idle
70.89,-0.103029,0.056004,0.068167,0.333727,0.034251,-0.942047,0.00572,-0.011653,0.015549,0.935443,0.036737,0.166213,-0.309789,4.0,1.0,21.0,SACLR,14,Idle
70.9,-0.133278,0.056403,0.074145,0.334398,0.035009,-0.941781,0.000318,-0.020025,0.016733,0.935524,0.036404,0.166686,-0.309331,4.0,1.0,21.0,SACLR,14,Idle
70.91,-0.139568,0.064242,0.090678,0.335114,0.036058,-0.941487,-0.005753,-0.02527,0.019215,0.935613,0.035928,0.167229,-0.308824,4.0,1.0,21.0,SACLR,14,Idle
70.92,-0.104903,0.060813,0.092954,0.335884,0.036996,-0.941176,-0.009331,-0.016168,0.022231,0.93571,0.035508,0.167782,-0.308277,4.0,1.0,21.0,SACLR,14,Idle
70.93,-0.069901,0.056402,0.095891,0.336638,0.03765,-0.940881,-0.008712,-0.003622,0.027429,0.935804,0.035225,0.168281,-0.307752,4.0,1.0,21.0,SACLR,14,Idle
70.94,-0.048067,0.057117,0.0994,0.337374,0.037944,-0.940606,-0.008212,-0.01327,0.025887,0.935904,0.035112,0.168714,-0.307224,4.0,1.0,21.0,SACLR,14,Idle
70.95,-0.026548,0.043455,0.091888,0.337982,0.037912,-0.940389,-0.003983,-0.01864,0.023091,0.936011,0.035138,0.16903,-0.306722,4.0,1.0,21.0,SACLR,14,Idle
70.96,-0.015302,0.035213,0.075545,0.338432,0.03772,-0.940235,-0.001228,-0.013412,0.027057,0.936112,0.035226,0.169239,-0.306287,4.0,1.0,21.0,SACLR,14,Idle
70.97,-0.003755,0.036402,0.073847,0.338857,0.037419,-0.940093,0.004175,-0.007634,0.026702,0.9362,0.035372,0.169417,-0.305903,4.0,1.0,21.0,SACLR,14,Idle
70.98,0.014934,0.029852,0.074501,0.339213,0.036859,-0.939987,0.00916,0.002997,0.031708,0.936293,0.035634,0.169519,-0.30553,4.0,1.0,21.0,SACLR,14,Idle
70.99,0.027004,0.018546,0.052131,0.339442,0.036134,-0.939933,0.006871,0.014632,0.030066,0.936378,0.035966,0.169529,-0.305226,4.0,1.0,21.0,SACLR,14,Idle
71.0,0.034079,0.019426,0.047085,0.33961,0.035567,-0.939894,0.002293,0.00847,0.024565,0.936438,0.036228,0.169531,-0.305011,4.0,1.0,21.0,SACLR,14,Idle
71.01,0.029436,0.01809,0.042904,0.339809,0.035116,-0.939839,0.005192,0.00918,0.016575,0.936483,0.036445,0.169565,-0.304828,4.0,1.0,21.0,SACLR,14,Idle
71.02,0.017411,0.012617,0.043973,0.339967,0.034695,-0.939797,0.006103,0.021915,0.014947,0.936535,0.036639,0.169585,-0.304631,4.0,1.0,21.0,SACLR,14,Idle
71.03,0.004458,0.013343,0.047744,0.340108,0.03432,-0.93976,0.012095,0.025159,0.013139,0.936598,0.036802,0.169605,-0.304408,4.0,1.0,21.0,SACLR,14,Idle
71.04,-0.010382,0.011593,0.058472,0.340279,0.034096,-0.939706,0.015006,0.037605,0.002542,0.93667,0.03689,0.169665,-0.30414,4.0,1.0,21.0,SACLR,14,Idle
71.05,-0.01178,0.0115,0.071383,0.340487,0.033928,-0.939637,0.022626,0.047951,0.000977,0.93676,0.036945,0.169755,-0.303807,4.0,1.0,21.0,SACLR,14,Idle
71.06,-0.020668,0.007649,0.070352,0.340725,0.033907,-0.939551,0.026203,0.044065,0.00199,0.936849,0.036932,0.169883,-0.303462,4.0,1.0,21.0,SACLR,14,Idle
71.07,-0.04337,0.011269,0.066608,0.340965,0.034106,-0.939457,0.026467,0.02876,0.006275,0.936934,0.036814,0.170047,-0.303122,4.0,1.0,21.0,SACLR,14,Idle
71.08,-0.061351,0.002972,0.05614,0.341136,0.034495,-0.939381,0.024571,0.033544,0.006535,0.93702,0.036595,0.170207,-0.302793,4.0,1.0,21.0,SACLR,14,Idle
71.09,-0.052817,-0.000888,0.029794,0.34123,0.035003,-0.939328,0.032213,0.038361,0.011151,0.937086,0.03632,0.170344,-0.302544,4.0,1.0,21.0,SACLR,14,Idle
71.1,-0.026349,0.005151,0.018342,0.341373,0.035555,-0.939255,0.032956,0.040175,0.01587,0.937109,0.036053,0.170507,-0.302413,4.0,1.0,21.0,SACLR,14,Idle
71.11,0.00425,0.022302,0.017544,0.341655,0.035884,-0.93914,0.030904,0.0304,0.017982,0.937101,0.035928,0.170702,-0.302343,4.0,1.0,21.0,SACLR,14,Idle
71.12,0.014309,0.032532,0.017165,0.342058,0.036147,-0.938983,0.027479,0.016297,0.018314,0.937073,0.03586,0.170946,-0.302301,4.0,1.0,21.0,SACLR,14,Idle
71.13,0.008534,0.028463,0.015864,0.342572,0.036477,-0.938783,0.03136,0.006079,0.018632,0.937033,0.035777,0.171255,-0.302258,4.0,1.0,21.0,SACLR,14,Idle
71.14,-0.00916,0.045076,0.002412,0.34315,0.036911,-0.938555,0.040547,0.001297,0.024187,0.936982,0.035658,0.171613,-0.302229,4.0,1.0,21.0,SACLR,14,Idle
71.15,-0.023921,0.055505,0.00496,0.343897,0.037373,-0.938263,0.037512,-0.003361,0.027634,0.93691,0.035554,0.172059,-0.30221,4.0,1.0,21.0,SACLR,14,Idle
71.16,-0.034389,0.050348,0.008831,0.34464,0.037988,-0.937966,0.034221,0.001364,0.027993,0.936844,0.035372,0.172528,-0.30217,4.0,1.0,21.0,SACLR,14,Idle
71.17,-0.037003,0.057972,0.009621,0.345478,0.038714,-0.937628,0.036495,0.01312,0.028296,0.936773,0.035149,0.173062,-0.302109,4.0,1.0,21.0,SACLR,14,Idle
71.18,-0.037956,0.067693,0.009873,0.346403,0.039445,-0.937256,0.035479,0.020751,0.025177,0.936697,0.034936,0.173642,-0.302039,4.0,1.0,21.0,SACLR,14,Idle
71.19,-0.028091,0.082863,0.009409,0.347415,0.040027,-0.936857,0.035795,0.021465,0.020582,0.936614,0.034807,0.174241,-0.301966,4.0,1.0,21.0,SACLR,14,Idle
71.2,-0.018983,0.080222,0.01306,0.348452,0.040322,-0.936459,0.028455,0.024375,0.019284,0.93653,0.034823,0.174808,-0.301894,4.0,1.0,21.0,SACLR,14,Idle
71.21,-0.012499,0.089065,0.015152,0.349576,0.040445,-0.936035,0.026797,0.026282,0.020751,0.936449,0.03493,0.175393,-0.301796,4.0,1.0,21.0,SACLR,14,Idle
71.22,-0.026575,0.097952,0.023228,0.350859,0.040535,-0.935551,0.026353,0.018944,0.020557,0.936362,0.035074,0.176053,-0.301665,4.0,1.0,21.0,SACLR,14,Idle
71.23,-0.046632,0.102278,0.024766,0.352217,0.040727,-0.935032,0.021944,0.007887,0.014088,0.936283,0.035169,0.176769,-0.301479,4.0,1.0,21.0,SACLR,14,Idle
71.24,-0.067838,0.096489,0.015814,0.353515,0.041174,-0.934522,0.017182,0.002268,0.010343,0.936203,0.035135,0.177495,-0.301305,4.0,1.0,21.0,SACLR,14,Idle
71.25,-0.082474,0.098833,0.008613,0.354781,0.041991,-0.934006,0.01497,0.004442,0.009766,0.936114,0.03492,0.178263,-0.301155,4.0,1.0,21.0,SACLR,14,Idle
71.26,-0.093659,0.083066,0.018045,0.355974,0.042971,-0.933508,0.013625,-0.001757,0.004324,0.936025,0.034617,0.179019,-0.301017,4.0,1.0,21.0,SACLR,14,Idle
71.27,-0.106566,0.075072,0.024556,0.357048,0.044046,-0.933047,0.010979,-0.000879,-0.002332,0.935961,0.03424,0.179733,-0.300834,4.0,1.0,21.0,SACLR,14,Idle
71.28,-0.115974,0.055326,0.021874,0.357908,0.045242,-0.93266,0.008135,0.002228,-0.006793,0.935924,0.033764,0.180361,-0.300627,4.0,1.0,21.0,SACLR,14,Idle
71.29,-0.111643,0.039267,0.016273,0.358588,0.046489,-0.932338,0.012247,0.003377,-0.009099,0.935898,0.033237,0.180904,-0.300441,4.0,1.0,21.0,SACLR,14,Idle
71.3,-0.099714,0.026253,0.013976,0.359127,0.047583,-0.932075,0.011005,0.005884,-0.008462,0.93588,0.032766,0.181353,-0.300277,4.0,1.0,21.0,SACLR,14,Idle
71.31,-0.079,0.017233,0.020117,0.359539,0.048356,-0.931876,0.006718,0.007324,-0.007851,0.935877,0.03243,0.181687,-0.300121,4.0,1.0,21.0,SACLR,14,Idle
71.32,-0.066651,0.002754,0.028326,0.359766,0.048883,-0.931761,0.00263,0.007666,-0.006395,0.935907,0.032175,0.181891,-0.299931,4.0,1.0,21.0,SACLR,14,Idle
71.33,-0.066854,-0.001244,0.031969,0.359895,0.049388,-0.931685,0.005659,0.009953,-0.005785,0.935956,0.031911,0.182042,-0.299716,4.0,1.0,21.0,SACLR,14,Idle
71.34,-0.068216,-0.013374,0.035587,0.359931,0.049792,-0.931649,0.008889,0.007459,-0.00553,0.936022,0.031675,0.182132,-0.299478,4.0,1.0,21.0,SACLR,14,Idle
71.35,-0.072964,-0.013927,0.04438,0.359884,0.050235,-0.931644,0.008647,0.00195,-0.004254,0.936102,0.031403,0.182186,-0.299223,4.0,1.0,21.0,SACLR,14,Idle
71.36,-0.079919,-0.019243,0.051378,0.359771,0.050734,-0.93166,0.007661,-0.003676,0.001576,0.936204,0.031085,0.182218,-0.298919,4.0,1.0,21.0,SACLR,14,Idle
71.37,-0.089298,-0.020336,0.053553,0.359682,0.051326,-0.931662,0.006345,-0.009685,0.001486,0.936311,0.030719,0.182278,-0.298584,4.0,1.0,21.0,SACLR,14,Idle
71.38,-0.100385,-0.024651,0.064787,0.359551,0.052008,-0.931675,0.007529,-0.013724,-0.00375,0.936431,0.030296,0.182331,-0.298217,4.0,1.0,21.0,SACLR,14,Idle
71.39,-0.098636,-0.038999,0.074922,0.359338,0.052758,-0.931715,0.011207,-0.005532,-0.006258,0.936575,0.029818,0.182355,-0.2978,4.0,1.0,21.0,SACLR,14,Idle
71.4,-0.086694,-0.042412,0.069131,0.358998,0.053408,-0.931809,0.013301,0.005659,-0.008346,0.936731,0.029368,0.182299,-0.297387,4.0,1.0,21.0,SACLR,14,Idle
71.41,-0.052798,-0.043803,0.069525,0.358667,0.053891,-0.931909,0.012686,0.012348,-0.009375,0.93688,0.029005,0.182221,-0.297002,4.0,1.0,21.0,SACLR,14,Idle
71.42,-0.032848,-0.041876,0.059141,0.35838,0.05408,-0.932008,0.012546,0.017636,-0.007994,0.937015,0.0288,0.182117,-0.296659,4.0,1.0,21.0,SACLR,14,Idle
71.43,-0.017588,-0.047382,0.057898,0.358079,0.05409,-0.932123,0.010344,0.018633,-0.007773,0.937144,0.028687,0.181977,-0.296349,4.0,1.0,21.0,SACLR,14,Idle
71.44,-0.007322,-0.053473,0.052008,0.357737,0.053938,-0.932263,0.00797,0.015917,-0.00545,0.937267,0.028652,0.181789,-0.296077,4.0,1.0,21.0,SACLR,14,Idle
71.45,-0.015826,-0.05395,0.048666,0.357374,0.053719,-0.932415,0.005495,0.007607,-0.002796,0.937386,0.028651,0.181581,-0.295828,4.0,1.0,21.0,SACLR,14,Idle
71.46,-0.024899,-0.055398,0.041983,0.356971,0.053574,-0.932578,0.003655,0.002227,0.002356,0.937504,0.028611,0.181363,-0.295594,4.0,1.0,21.0,SACLR,14,Idle
71.47,-0.03661,-0.058012,0.027168,0.356565,0.053661,-0.932728,0.000873,0.001729,0.003071,0.937606,0.028465,0.181178,-0.295397,4.0,1.0,21.0,SACLR,14,Idle
71.48,-0.054059,-0.053332,0.016679,0.356184,0.054071,-0.93285,-0.003706,0.005682,0.004536,0.937679,0.02818,0.181055,-0.295269,4.0,1.0,21.0,SACLR,14,Idle
71.49,-0.03907,-0.058966,0.009583,0.355769,0.054589,-0.932978,-0.004268,0.014259,0.012873,0.937741,0.027846,0.180929,-0.295181,4.0,1.0,21.0,SACLR,14,Idle
71.5,-0.016934,-0.048208,-0.006823,0.355393,0.055005,-0.933097,-0.005571,0.024448,0.018043,0.937781,0.027579,0.180806,-0.295153,4.0,1.0,21.0,SACLR,14,Idle
71.51,0.007605,-0.041935,-0.001341,0.35507,0.0552,-0.933209,-0.007337,0.034079,0.021954,0.937803,0.027437,0.180673,-0.295179,4.0,1.0,21.0,SACLR,14,Idle
71.52,0.011289,-0.034014,0.010624,0.3548,0.055236,-0.933309,-0.003695,0.033982,0.025915,0.937831,0.027376,0.180544,-0.295175,4.0,1.0,21.0,SACLR,14,Idle
71.53,0.01229,-0.023342,0.026755,0.354587,0.055095,-0.933399,-0.003024,0.02657,0.021869,0.937876,0.027397,0.180417,-0.295107,4.0,1.0,21.0,SACLR,14,Idle
71.54,-0.006632,-0.015876,0.040179,0.354468,0.054942,-0.933453,-0.002204,0.016103,0.01498,0.937941,0.02742,0.180338,-0.294945,4.0,1.0,21.0,SACLR,14,Idle
71.55,-0.040073,-0.019746,0.050234,0.354347,0.055008,-0.933495,-3.7e-05,0.009307,0.014611,0.938026,0.027324,0.180294,-0.294711,4.0,1.0,21.0,SACLR,14,Idle
